trading_date,ticker,open,high,low,close,adjusted_close,volume,dividends,stock_splits,adjusted_close_return_1d,adjusted_open_to_close_return,adjusted_close_return_5d,daily_return_volatility_20d,average_volume_20d,adjusted_close_return_1d_lag1_session,adjusted_open_to_close_return_lag1_session,adjusted_close_return_5d_lag1_session,daily_return_volatility_20d_lag1_session,average_volume_20d_lag1_session
2025-10-01,NVDA,185.24000549316406,188.13999938964844,183.89999389648438,187.24000549316406,186.79248046875,173844900,0.0,0.0,0.003537325381961498,0.01079680382580106,0.058032429210731706,0.020235982053143173,183437520.0,0.026010500085076993,0.02471441099926719,0.045676190933373606,0.020276006985439955,182966520.0
2025-10-02,NVDA,189.60000610351562,191.0500030517578,188.05999755859375,188.88999938964844,188.43853759765625,136805800,0.0,0.0,0.008812223729646407,-0.0037447610285389343,0.06303122475200262,0.020253859229875954,183194305.0,0.003537325381961498,0.01079680382580106,0.058032429210731706,0.020235982053143173,183437520.0
2025-10-03,NVDA,189.19000244140625,190.36000061035156,185.3800048828125,187.6199951171875,187.17156982421875,137596900,0.0,0.0,-0.006723506717838501,-0.008298574469890352,0.052921004203537736,0.019036564901758254,178852080.0,0.008812223729646407,-0.0037447610285389343,0.06303122475200262,0.020253859229875954,183194305.0
2025-10-06,NVDA,185.5,187.22999572753906,183.3300018310547,185.5399932861328,185.09652709960938,157678100,0.0,0.0,-0.011086313624222632,0.00021559722982633645,0.020291377823488554,0.019408257020777503,178547530.0,-0.006723506717838501,-0.008298574469890352,0.052921004203537736,0.019036564901758254,178852080.0
2025-10-07,NVDA,186.22999572753906,189.05999755859375,184.0,185.0399932861328,184.5977325439453,140088000,0.0,0.0,-0.0026947807367322385,-0.006389961170096714,-0.008253895853598814,0.019347497702031213,177674510.0,-0.011086313624222632,0.00021559722982633645,0.020291377823488554,0.019408257020777503,178547530.0
2025-10-08,NVDA,186.57000732421875,189.60000610351562,186.5399932861328,189.11000061035156,188.65802001953125,130168900,0.0,0.0,0.021995326917785052,0.01361415654403042,0.009987230460775098,0.018123250924183334,172840355.0,-0.0026947807367322385,-0.006389961170096714,-0.008253895853598814,0.019347497702031213,177674510.0
2025-10-09,NVDA,192.22999572753906,195.3000030517578,191.05999755859375,192.57000732421875,192.10975646972656,182997200,0.0,0.0,0.018296261403771608,0.0017687749271013686,0.019482314599091666,0.018391858839299193,174432250.0,0.021995326917785052,0.01361415654403042,0.009987230460775098,0.018123250924183334,172840355.0
2025-10-10,NVDA,193.50999450683594,195.6199951171875,182.0500030517578,183.16000366210938,182.7222442626953,268774400,0.0,0.0,-0.048865358946569515,-0.05348556218557965,-0.023771374924631994,0.021907574073569695,181625420.0,0.018296261403771608,0.0017687749271013686,0.019482314599091666,0.018391858839299193,174432250.0
2025-10-13,NVDA,187.97000122070312,190.11000061035156,185.9600067138672,188.32000732421875,187.8699188232422,153482800,0.0,0.0,0.028172128584115885,0.0018620317137980624,0.01498348870770716,0.022680798577804816,181946480.0,-0.048865358946569515,-0.05348556218557965,-0.023771374924631994,0.021907574073569695,181625420.0
2025-10-14,NVDA,184.77000427246094,184.8000030517578,179.6999969482422,180.02999877929688,179.59971618652344,205641400,0.0,0.0,-0.044020898547892484,-0.025653544317585597,-0.027075177406266637,0.024695152622341388,185191660.0,0.028172128584115885,0.0018620317137980624,0.01498348870770716,0.022680798577804816,181946480.0
2025-10-15,NVDA,184.8000030517578,184.8699951171875,177.2899932861328,179.8300018310547,179.4001922607422,214450500,0.0,0.0,-0.0011109367543433724,-0.026893945555353405,-0.049072007422905295,0.02381976646312604,185321995.0,-0.044020898547892484,-0.025653544317585597,-0.027075177406266637,0.024695152622341388,185191660.0
2025-10-16,NVDA,182.22999572753906,183.27999877929688,179.77000427246094,181.80999755859375,181.37545776367188,179723300,0.0,0.0,0.011010386767360991,-0.00230476968003257,-0.05587586441892267,0.0227059094088418,184719995.0,-0.0011109367543433724,-0.026893945555353405,-0.049072007422905295,0.02381976646312604,185321995.0
2025-10-17,NVDA,180.17999267578125,184.10000610351562,179.75,183.22000122070312,182.78208923339844,173135200,0.0,0.0,0.007755357241106875,0.016872064982220936,0.00032751880289461077,0.022744818421796414,181517650.0,0.011010386767360991,-0.00230476968003257,-0.05587586441892267,0.0227059094088418,184719995.0
2025-10-20,NVDA,183.1300048828125,185.1999969482422,181.72999572753906,182.63999938964844,182.20347595214844,128544700,0.0,0.0,-0.0031655906969700887,-0.0026757247862120304,-0.030161522965393095,0.021003463773084742,174463035.0,0.007755357241106875,0.016872064982220936,0.00032751880289461077,0.022744818421796414,181517650.0
2025-10-21,NVDA,182.7899932861328,182.7899932861328,179.8000030517578,181.16000366210938,180.72702026367188,124240200,0.0,0.0,-0.008103334367036585,-0.008917280397685134,0.006276758678046335,0.020043908780764532,171047065.0,-0.0031655906969700887,-0.0026757247862120304,-0.030161522965393095,0.021003463773084742,174463035.0
2025-10-22,NVDA,181.13999938964844,183.44000244140625,176.75999450683594,180.27999877929688,179.84910583496094,162249600,0.0,0.0,-0.00485768219622118,-0.004747712339899235,0.002502302637258591,0.01997783232235761,171981340.0,-0.008103334367036585,-0.008917280397685134,0.006276758678046335,0.020043908780764532,171047065.0
2025-10-23,NVDA,180.4199981689453,183.02999877929688,179.7899932861328,182.16000366210938,181.72462463378906,111363700,0.0,0.0,0.01042829092822517,0.009644194162637731,0.0019251053831779164,0.020077614368600397,167970190.0,-0.00485768219622118,-0.004747712339899235,0.002502302637258591,0.01997783232235761,171981340.0
2025-10-24,NVDA,183.83999633789062,187.47000122070312,183.5,186.25999450683594,185.8148193359375,131296700,0.0,0.0,0.022507652501090547,0.013163610841774975,0.01659205294817756,0.0206241800794752,167106340.0,0.01042829092822517,0.009644194162637731,0.0019251053831779164,0.020077614368600397,167970190.0
2025-10-27,NVDA,189.99000549316406,192.0,188.42999267578125,191.49000549316406,191.03231811523438,153452700,0.0,0.0,0.02807902404094098,0.007895152148168938,0.048455948038031105,0.021037518722227,165125800.0,0.022507652501090547,0.013163610841774975,0.01659205294817756,0.0206241800794752,167106340.0
2025-10-28,NVDA,193.0500030517578,203.14999389648438,191.91000366210938,201.02999877929688,200.54953002929688,297986200,0.0,0.0,0.04981990486196963,0.04133641855162029,0.1096820482997225,0.023002086176587257,168176060.0,0.02807902404094098,0.007895152148168938,0.048455948038031105,0.021037518722227,165125800.0
2025-10-29,NVDA,207.97999572753906,212.19000244140625,204.77999877929688,207.0399932861328,206.54513549804688,308829600,0.0,0.0,0.029895883913934496,-0.004519677183942639,0.1484357096975708,0.023718783252851126,174925295.0,0.04981990486196963,0.04133641855162029,0.1096820482997225,0.023002086176587257,168176060.0
2025-10-30,NVDA,205.14999389648438,206.16000366210938,201.41000366210938,202.88999938964844,202.40505981445312,178864400,0.0,0.0,-0.020044411472633805,-0.011016303066410549,0.11380095142493318,0.024363277753079254,177028225.0,0.029895883913934496,-0.004519677183942639,0.1484357096975708,0.023718783252851126,174925295.0
2025-10-31,NVDA,206.4499969482422,207.97000122070312,202.07000732421875,202.49000549316406,202.00604248046875,179802200,0.0,0.0,-0.0019713802330344476,-0.01918135874843785,0.08713633929949838,0.024277605519242143,179138490.0,-0.020044411472633805,-0.011016303066410549,0.11380095142493318,0.024363277753079254,177028225.0
2025-11-03,NVDA,208.0800018310547,211.33999633789062,205.55999755859375,206.8800048828125,206.3855438232422,180267300,0.0,0.0,0.021680051195482886,-0.005766997970408028,0.08036978171801512,0.024304280851539063,180267950.0,-0.0019713802330344476,-0.01918135874843785,0.08713633929949838,0.024277605519242143,179138490.0
2025-11-04,NVDA,203.0,203.97000122070312,197.92999267578125,198.69000244140625,198.21511840820312,188919300,0.0,0.0,-0.03958816719273994,-0.0212315150669643,-0.011640075251000304,0.026296613900212026,182709515.0,0.021680051195482886,-0.005766997970408028,0.08036978171801512,0.024304280851539063,180267950.0
2025-11-05,NVDA,198.77000427246094,202.9199981689453,194.64999389648438,195.2100067138672,194.74342346191406,171350300,0.0,0.0,-0.017514783807456413,-0.01791013473901193,-0.0571386588586319,0.026349353466988166,184768585.0,-0.03958816719273994,-0.0212315150669643,-0.011640075251000304,0.026296613900212026,182709515.0
2025-11-06,NVDA,196.4199981689453,197.6199951171875,186.3800048828125,188.0800018310547,187.63046264648438,223029800,0.0,0.0,-0.036524780600977635,-0.0424600163712312,-0.07299519676787125,0.027387132170373373,186770215.0,-0.017514783807456413,-0.01791013473901193,-0.0571386588586319,0.026349353466988166,184768585.0
2025-11-07,NVDA,184.89999389648438,188.32000732421875,178.91000366210938,188.14999389648438,187.70030212402344,264942300,0.0,0.0,0.00037221822381083847,0.017577069265992007,-0.07081837840483651,0.024945187155175626,186578610.0,-0.036524780600977635,-0.0424600163712312,-0.07299519676787125,0.027387132170373373,186770215.0
2025-11-10,NVDA,195.11000061035156,199.94000244140625,193.7899932861328,199.0500030517578,198.5742645263672,198897100,0.0,0.0,0.05793257804752372,0.020193749316185672,-0.03784799628972524,0.027379924278765313,188849325.0,0.00037221822381083847,0.017577069265992007,-0.07081837840483651,0.024945187155175626,186578610.0
2025-11-11,NVDA,195.16000366210938,195.4199981689453,191.3000030517578,193.16000366210938,192.69833374023438,176483300,0.0,0.0,-0.029590595740832226,-0.01024800144738014,-0.027832310230784252,0.026238373905734406,187391420.0,0.05793257804752372,0.020193749316185672,-0.03784799628972524,0.027379924278765313,188849325.0
2025-11-12,NVDA,195.72000122070312,195.88999938964844,191.1300048828125,193.8000030517578,193.33680725097656,154935300,0.0,0.0,0.0033133317675848595,-0.009809923140048582,-0.007222920219498885,0.026212981081181756,184415660.0,-0.029590595740832226,-0.01024800144738014,-0.027832310230784252,0.026238373905734406,187391420.0
2025-11-13,NVDA,191.0500030517578,191.44000244140625,183.85000610351562,186.86000061035156,186.4134063720703,207423100,0.0,0.0,-0.03581005074692667,-0.021931443990980348,-0.00648645351745003,0.027613962855401544,185800650.0,0.0033133317675848595,-0.009809923140048582,-0.007222920219498885,0.026212981081181756,184415660.0
2025-11-14,NVDA,182.86000061035156,191.00999450683594,180.5800018310547,190.1699981689453,189.71548461914062,186591900,0.0,0.0,0.017713738037057114,0.03997592439130693,0.01073617075898814,0.027817346889973418,186473485.0,-0.03581005074692667,-0.021931443990980348,-0.00648645351745003,0.027613962855401544,185800650.0
2025-11-17,NVDA,185.97000122070312,189.0,184.32000732421875,186.60000610351562,186.15403747558594,173628900,0.0,0.0,-0.018772569622898194,0.003387669401931248,-0.06254701272798646,0.02819300375424409,188727695.0,0.017713738037057114,0.03997592439130693,0.01073617075898814,0.027817346889973418,186473485.0
2025-11-18,NVDA,183.3800048828125,184.8000030517578,179.64999389648438,181.36000061035156,180.92652893066406,213598900,0.0,0.0,-0.028081628611506537,-0.01101540090890396,-0.061089292165023124,0.028894443049018125,193195630.0,-0.018772569622898194,0.003387669401931248,-0.06254701272798646,0.02819300375424409,188727695.0
2025-11-19,NVDA,184.7899932861328,187.86000061035156,182.8300018310547,186.52000427246094,186.07420349121094,247246400,0.0,0.0,0.02845174000170858,0.009362038255228189,-0.037564516881349985,0.029525530943713445,197445470.0,-0.028081628611506537,-0.01101540090890396,-0.061089292165023124,0.028894443049018125,193195630.0
2025-11-20,NVDA,195.9499969482422,196.0,179.85000610351562,180.63999938964844,180.208251953125,343504800,0.0,0.0,-0.03152479724769053,-0.07813216533316758,-0.033287060945392466,0.03038168428051739,209052525.0,0.02845174000170858,0.009362038255228189,-0.037564516881349985,0.029525530943713445,197445470.0
2025-11-21,NVDA,181.24000549316406,184.55999755859375,172.92999267578125,178.8800048828125,178.4524688720703,346926200,0.0,0.0,-0.009743078144453632,-0.013021411050666676,-0.05936793071836566,0.029978344628254234,219834000.0,-0.03152479724769053,-0.07813216533316758,-0.033287060945392466,0.03038168428051739,209052525.0
2025-11-24,NVDA,179.49000549316406,183.5,176.47999572753906,182.5500030517578,182.11367797851562,256618300,0.0,0.0,0.020516438520500335,0.017048289403001293,-0.021704388214519366,0.02963002059024178,224992280.0,-0.009743078144453632,-0.013021411050666676,-0.05936793071836566,0.029978344628254234,219834000.0
2025-11-25,NVDA,174.91000366210938,178.16000366210938,169.5500030517578,177.82000732421875,177.39501953125,320600300,0.0,0.0,-0.025910510949223142,0.016637148254429857,-0.0195190247681557,0.02741925032357212,226122985.0,0.020516438520500335,0.017048289403001293,-0.021704388214519366,0.02963002059024178,224992280.0
2025-11-26,NVDA,181.6300048828125,182.91000366210938,178.24000549316406,180.25999450683594,179.82916259765625,183852000,0.0,0.0,0.013721597555772735,-0.007542863729263716,-0.033562099293627634,0.026536568049973945,219874105.0,-0.025910510949223142,0.016637148254429857,-0.0195190247681557,0.02741925032357212,226122985.0
2025-11-28,NVDA,179.00999450683594,179.2899932861328,176.5,177.0,176.57696533203125,121332800,0.0,0.0,-0.01808492693090802,-0.01122839265133424,-0.020150501332415693,0.026487769119369543,216997525.0,0.013721597555772735,-0.007542863729263716,-0.033562099293627634,0.026536568049973945,219874105.0
2025-12-01,NVDA,174.75999450683594,180.3000030517578,173.67999267578125,179.9199981689453,179.48997497558594,188131000,0.0,0.0,0.01649711013028865,0.029526229253271863,0.005813907255378892,0.026970414028025507,217413965.0,-0.01808492693090802,-0.01122839265133424,-0.020150501332415693,0.026487769119369543,216997525.0
2025-12-02,NVDA,181.75999450683594,185.66000366210938,180.0,181.4600067138672,181.0262908935547,182632200,0.0,0.0,0.008559341089538375,-0.001650461058731234,-0.005970924847771286,0.026427379160915174,217532210.0,0.01649711013028865,0.029526229253271863,0.005813907255378892,0.026970414028025507,217413965.0
2025-12-03,NVDA,181.0800018310547,182.4499969482422,179.11000061035156,179.58999633789062,179.1607666015625,165138000,0.0,0.0,-0.01030526716745872,-0.008228437586135118,0.009953757861851598,0.025266087779879154,216343145.0,0.008559341089538375,-0.001650461058731234,-0.005970924847771286,0.026427379160915174,217532210.0
2025-12-04,NVDA,181.6199951171875,184.52000427246094,179.9600067138672,183.3800048828125,182.95188903808594,167364900,0.01,0.0,0.021160449960311745,0.009690616743433855,0.017364961251676192,0.025712908645748416,216143875.0,-0.01030526716745872,-0.008228437586135118,0.009953757861851598,0.025266087779879154,216343145.0
2025-12-05,NVDA,183.88999938964844,184.66000366210938,180.91000366210938,182.41000366210938,181.98414611816406,143971100,0.0,0.0,-0.005289603321452563,-0.008048266531357484,0.030622231931358046,0.024475893365919942,212190940.0,0.021160449960311745,0.009690616743433855,0.017364961251676192,0.025712908645748416,216143875.0
2025-12-08,NVDA,182.63999938964844,188.0,182.39999389648438,185.5500030517578,185.1168212890625,204378100,0.0,0.0,0.017214000437512533,0.015933003021430636,0.031349084060220855,0.024821692353499583,209162730.0,-0.005289603321452563,-0.008048266531357484,0.030622231931358046,0.024475893365919942,212190940.0
2025-12-09,NVDA,185.55999755859375,185.72000122070312,183.32000732421875,184.97000122070312,184.53817749023438,144719700,0.0,0.0,-0.0031258304609961263,-0.0031795448677148785,0.01939987047928149,0.02067842272715561,206453860.0,0.017214000437512533,0.015933003021430636,0.031349084060220855,0.024821692353499583,209162730.0
2025-12-10,NVDA,184.97000122070312,185.47999572753906,182.0399932861328,183.77999877929688,183.35096740722656,162785400,0.0,0.0,-0.006433411769608655,-0.006433488855235314,0.023387937466145647,0.019766151814137056,205768965.0,-0.0031258304609961263,-0.0031795448677148785,0.01939987047928149,0.02067842272715561,206453860.0
2025-12-11,NVDA,180.27999877929688,181.32000732421875,176.6199951171875,180.92999267578125,180.5076141357422,182136600,0.0,0.0,-0.015507708040444768,0.0036054687202440316,-0.013360205872675723,0.019932334521144034,207129030.0,-0.006433411769608655,-0.006433488855235314,0.023387937466145647,0.019766151814137056,205768965.0
2025-12-12,NVDA,181.11000061035156,182.82000732421875,174.6199951171875,175.02000427246094,174.61141967773438,204274900,0.0,0.0,-0.032664519367996636,-0.033625952831798145,-0.04051301499440785,0.01967251152002839,206971620.0,-0.015507708040444768,0.0036054687202440316,-0.013360205872675723,0.019932334521144034,207129030.0
2025-12-15,NVDA,177.94000244140625,178.4199981689453,175.02999877929688,176.2899932861328,175.87843322753906,164775600,0.0,0.0,0.007256189498619836,-0.009272839904656993,-0.04990571897892282,0.019224608501513744,205880805.0,-0.032664519367996636,-0.033625952831798145,-0.04051301499440785,0.01967251152002839,206971620.0
2025-12-16,NVDA,176.25999450683594,178.49000549316406,174.89999389648438,177.72000122070312,177.3050994873047,148588100,0.0,0.0,0.008111661183153096,0.008283256322299426,-0.03919556430707927,0.019047204514621063,204628765.0,0.007256189498619836,-0.009272839904656993,-0.04990571897892282,0.019224608501513744,205880805.0
2025-12-17,NVDA,176.10000610351562,176.1300048828125,170.30999755859375,170.94000244140625,170.5409393310547,222775500,0.0,0.0,-0.038149834245090775,-0.029301552999811964,-0.06986616027893933,0.01988042758775221,205087595.0,0.008111661183153096,0.008283256322299426,-0.03919556430707927,0.019047204514621063,204628765.0
2025-12-18,NVDA,174.52999877929688,176.14999389648438,171.82000732421875,174.13999938964844,173.73345947265625,176096000,0.0,0.0,0.018719963394855155,-0.0022345693713183845,-0.03752835965130952,0.019183089822546642,201530075.0,-0.038149834245090775,-0.029301552999811964,-0.06986616027893933,0.01988042758775221,205087595.0
2025-12-19,NVDA,176.6699981689453,181.4499969482422,176.33999633789062,180.99000549316406,180.56747436523438,324925900,0.0,0.0,0.039336204513061634,0.024452410533720936,0.034110338822584296,0.020202607972917716,200601130.0,0.018719963394855155,-0.0022345693713183845,-0.03752835965130952,0.019183089822546642,201530075.0
2025-12-22,NVDA,183.9199981689453,184.16000366210938,182.35000610351562,183.69000244140625,183.26116943359375,129064400,0.0,0.0,0.014917941771234178,-0.00125052049711194,0.04197635873014294,0.02031006326382265,189708040.0,0.039336204513061634,0.024452410533720936,0.034110338822584296,0.020202607972917716,200601130.0
2025-12-23,NVDA,182.97000122070312,189.3300018310547,182.89999389648438,189.2100067138672,188.76828002929688,174873600,0.0,0.0,0.030050613628211487,0.034103981262137095,0.06465228904943587,0.02088304290831085,185620805.0,0.014917941771234178,-0.00125052049711194,0.04197635873014294,0.02031006326382265,189708040.0
2025-12-24,NVDA,187.94000244140625,188.91000366210938,186.58999633789062,188.61000061035156,188.169677734375,65528500,0.0,0.0,-0.0031710957732357103,0.0035649577537608668,0.10336953972734575,0.01987811631339309,172867215.0,0.030050613628211487,0.034103981262137095,0.06465228904943587,0.02088304290831085,185620805.0
2025-12-26,NVDA,189.9199981689453,192.69000244140625,188.0,190.52999877929688,190.085205078125,139740300,0.0,0.0,0.010179787555644415,0.0032118819304585156,0.09411972601652097,0.019794492052567652,170661630.0,-0.0031710957732357103,0.0035649577537608668,0.10336953972734575,0.01987811631339309,172867215.0
2025-12-29,NVDA,187.7100067138672,188.75999450683594,185.91000366210938,188.22000122070312,187.7805938720703,120006100,0.0,0.0,-0.012124095639676424,0.0027169276468745895,0.03994694798824039,0.019503627802519706,170595295.0,0.010179787555644415,0.0032118819304585156,0.09411972601652097,0.019794492052567652,170661630.0
2025-12-30,NVDA,188.24000549316406,188.99000549316406,186.92999267578125,187.5399932861328,187.1021728515625,97687300,0.0,0.0,-0.0036128388270515455,-0.003718721773287803,0.020959177712551735,0.019302709005098003,166073110.0,-0.012124095639676424,0.0027169276468745895,0.03994694798824039,0.019503627802519706,170595295.0
2025-12-31,NVDA,189.57000732421875,190.55999755859375,186.49000549316406,186.5,186.06460571289062,120100500,0.0,0.0,-0.005545457451715641,-0.01619458356072201,-0.014322715214582837,0.019317953245574258,162946525.0,-0.0036128388270515455,-0.003718721773287803,0.020959177712551735,0.019302709005098003,166073110.0
2026-01-02,NVDA,189.83999633789062,192.92999267578125,188.25999450683594,188.85000610351562,188.4091339111328,148240500,0.0,0.0,0.012600613583971798,-0.0052148664847893045,0.001272554535039605,0.019256958391545273,162101650.0,-0.005545457451715641,-0.01619458356072201,-0.014322715214582837,0.019317953245574258,162946525.0
2026-01-05,NVDA,191.75999450683594,193.6300048828125,186.14999389648438,188.1199951171875,187.68081665039062,183529700,0.0,0.0,-0.0038656154594166603,-0.01898205827033783,-0.012649003517902213,0.01880172130338619,162909890.0,0.012600613583971798,-0.0052148664847893045,0.001272554535039605,0.019256958391545273,162101650.0
2026-01-06,NVDA,190.52000427246094,192.1699981689453,186.82000732421875,187.24000549316406,186.80288696289062,176862600,0.0,0.0,-0.004677780623340899,-0.017216033517436724,-0.005206645101174634,0.018790681880883668,164554465.0,-0.0038656154594166603,-0.01898205827033783,-0.012649003517902213,0.01880172130338619,162909890.0
2026-01-07,NVDA,188.57000732421875,191.3699951171875,186.55999755859375,189.11000061035156,188.66851806640625,153543200,0.0,0.0,0.009987164191344933,0.0028636223426792284,0.008371603552067786,0.018539915094681184,162012720.0,-0.004677780623340899,-0.017216033517436724,-0.005206645101174634,0.018790681880883668,164554465.0
2026-01-08,NVDA,189.11000061035156,189.5500030517578,183.7100067138672,185.0399932861328,184.60801696777344,172457000,0.0,0.0,-0.021521879433025637,-0.021521904241355916,-0.00782840314812372,0.019205715045003045,163399585.0,0.009987164191344933,0.0028636223426792284,0.008371603552067786,0.018539915094681184,162012720.0
2026-01-09,NVDA,185.0800018310547,186.33999633789062,183.6699981689453,184.86000061035156,184.42843627929688,131327500,0.0,0.0,-0.0009727675505442068,-0.0011886817512782866,-0.021127944007818256,0.019145254904967195,161826690.0,-0.021521879433025637,-0.021521904241355916,-0.00782840314812372,0.019205715045003045,163399585.0
2026-01-12,NVDA,183.22000122070312,187.1199951171875,183.02000427246094,184.94000244140625,184.5082550048828,137968500,0.0,0.0,0.00043278968903170956,0.009387628038661777,-0.016904027284885603,0.018773398573547026,159618285.0,-0.0009727675505442068,-0.0011886817512782866,-0.021127944007818256,0.019145254904967195,161826690.0
2026-01-13,NVDA,185.0,188.11000061035156,183.39999389648438,185.80999755859375,185.37620544433594,160128900,0.0,0.0,0.00470412795042785,0.004378365181587851,-0.0076373633285341525,0.01699413571431539,157410985.0,0.00043278968903170956,0.009387628038661777,-0.016904027284885603,0.018773398573547026,159618285.0
2026-01-14,NVDA,184.32000732421875,184.4600067138672,180.8000030517578,183.13999938964844,182.7124481201172,159586100,0.0,0.0,-0.01436946731018618,-0.006401952515630471,-0.03156896554512967,0.01740108167707082,157151510.0,0.00470412795042785,0.004378365181587851,-0.0076373633285341525,0.01699413571431539,157410985.0
2026-01-15,NVDA,186.5,189.6999969482422,186.3300018310547,187.0500030517578,186.6133270263672,206188600,0.0,0.0,0.021349825621544527,0.0029490780255110316,0.01086252965354051,0.017888679967959065,160031535.0,-0.01436946731018618,-0.006401952515630471,-0.03156896554512967,0.01740108167707082,157151510.0
2026-01-16,NVDA,189.0800018310547,190.44000244140625,186.0800018310547,186.22999572753906,185.7952423095703,187967200,0.0,0.0,-0.0043838493736371165,-0.015073017114005216,0.007411037353282968,0.015224031943968814,158291120.0,0.021349825621544527,0.0029490780255110316,0.01086252965354051,0.017888679967959065,160031535.0
2026-01-20,NVDA,181.89999389648438,182.3800048828125,177.61000061035156,178.07000732421875,177.654296875,223345300,0.0,0.0,-0.043816759424904705,-0.02105545190092295,-0.03714716249254768,0.01824989986294139,160653585.0,-0.0043838493736371165,-0.015073017114005216,0.007411037353282968,0.015224031943968814,158291120.0
2026-01-21,NVDA,179.0500030517578,185.3800048828125,178.39999389648438,183.32000732421875,182.8920440673828,200381000,0.0,0.0,0.029482806126936323,0.023848110581861315,-0.013400648540618953,0.017275303513995817,154426340.0,-0.043816759424904705,-0.02105545190092295,-0.03714716249254768,0.01824989986294139,160653585.0
2026-01-22,NVDA,184.75,186.1699981689453,183.92999267578125,184.83999633789062,184.40847778320312,139636600,0.0,0.0,0.008291414334357983,0.0004871249682847356,0.009282507462058387,0.017052025225652405,154954950.0,0.029482806126936323,0.023848110581861315,-0.013400648540618953,0.017275303513995817,154426340.0
2026-01-23,NVDA,187.5,189.60000610351562,186.82000732421875,187.6699981689453,187.23187255859375,142748100,0.0,0.0,0.015310547591580459,0.0009066569010416359,0.003314583915752012,0.015990888260363035,153348675.0,0.008291414334357983,0.0004871249682847356,0.009282507462058387,0.017052025225652405,154954950.0
2026-01-26,NVDA,187.16000366210938,189.1199951171875,185.99000549316406,186.47000122070312,186.03468322753906,124799600,0.0,0.0,-0.00639415348837058,-0.0036866981614936956,0.0012887354648716265,0.016037664846119664,156312230.0,0.015310547591580459,0.0009066569010416359,0.003314583915752012,0.015990888260363035,153348675.0
2026-01-27,NVDA,187.24000549316406,190.0,185.6999969482422,188.52000427246094,188.07989501953125,143711600,0.0,0.0,0.010993712336374806,0.006836139402610852,0.058684750821798914,0.016067056516137337,156510795.0,-0.00639415348837058,-0.0036866981614936956,0.0012887354648716265,0.016037664846119664,156312230.0
2026-01-28,NVDA,191.27000427246094,192.35000610351562,189.83999633789062,191.52000427246094,191.07289123535156,148552700,0.0,0.0,0.015913429851231564,0.00130705282802146,0.04473047042415179,0.016213369046354564,157938125.0,0.010993712336374806,0.006836139402610852,0.058684750821798914,0.016067056516137337,156510795.0
2026-01-29,NVDA,191.33999633789062,193.47999572753906,186.05999755859375,192.50999450683594,192.06057739257812,171764400,0.0,0.0,0.00516915900963677,0.006114760067619018,0.04149537863639363,0.01620091531366923,161641980.0,0.015913429851231564,0.00130705282802146,0.04473047042415179,0.016213369046354564,157938125.0
2026-01-30,NVDA,191.2100067138672,194.49000549316406,189.47000122070312,191.1300048828125,190.68380737304688,179489500,0.0,0.0,-0.007168415497976421,-0.0004183977210689971,0.018436683708180412,0.01624172953119332,164611430.0,0.00516915900963677,0.006114760067619018,0.04149537863639363,0.01620091531366923,161641980.0
2026-02-02,NVDA,187.1999969482422,190.3000030517578,184.8800048828125,185.61000061035156,185.1766815185547,165794100,0.0,0.0,-0.028880930847569264,-0.00849357031950293,-0.004612052409253997,0.017341231602950195,165489110.0,-0.007168415497976421,-0.0004183977210689971,0.018436683708180412,0.01624172953119332,164611430.0
2026-02-03,NVDA,186.24000549316406,186.27000427246094,176.22999572753906,180.33999633789062,179.9189910888672,204019600,0.0,0.0,-0.028392832113479094,-0.03167960148868232,-0.043390623595449096,0.018409692327702648,166513605.0,-0.028880930847569264,-0.00849357031950293,-0.004612052409253997,0.017341231602950195,165489110.0
2026-02-04,NVDA,179.4600067138672,179.5800018310547,171.91000366210938,174.19000244140625,173.78335571289062,207014100,0.0,0.0,-0.03410221088304122,-0.02936589811268364,-0.09048659603504283,0.019765224478408686,168021180.0,-0.028392832113479094,-0.03167960148868232,-0.043390623595449096,0.018409692327702648,166513605.0
2026-02-05,NVDA,174.92999267578125,176.82000732421875,171.02999877929688,171.8800048828125,171.47874450683594,206312900,0.0,0.0,-0.013261403525100302,-0.017435476594466315,-0.10716323550185025,0.01961842310126363,170659665.0,-0.03410221088304122,-0.02936589811268364,-0.09048659603504283,0.019765224478408686,168021180.0
2026-02-06,NVDA,176.69000244140625,187.0,174.60000610351562,185.41000366210938,184.97715759277344,231346200,0.0,0.0,0.07871770419569057,0.04935197860781537,-0.029927290937238116,0.026618175910359584,173604125.0,-0.013261403525100302,-0.017435476594466315,-0.10716323550185025,0.01961842310126363,170659665.0
2026-02-09,NVDA,184.25999450683594,193.66000366210938,183.9499969482422,190.0399932861328,189.59632873535156,196387400,0.0,0.0,0.02497157596478594,0.03136871242597605,0.02386719094733336,0.027172572539820267,176857120.0,0.07871770419569057,0.04935197860781537,-0.029927290937238116,0.026618175910359584,173604125.0
2026-02-10,NVDA,191.3800048828125,192.47999572753906,188.1199951171875,188.5399932861328,188.09983825683594,136764800,0.0,0.0,-0.007893035105149604,-0.01483964638008406,0.04546961451072162,0.027257111033110105,176796935.0,0.02497157596478594,0.03136871242597605,0.02386719094733336,0.027172572539820267,176857120.0
2026-02-11,NVDA,192.4499969482422,193.25999450683594,188.77000427246094,190.0500030517578,189.6063232421875,144192700,0.0,0.0,0.008008964809924857,-0.01247074011193583,0.09104995967184659,0.02728875634305873,176000125.0,-0.007893035105149604,-0.01483964638008406,0.04546961451072162,0.027257111033110105,176796935.0
2026-02-12,NVDA,193.02999877929688,193.61000061035156,186.50999450683594,186.94000244140625,186.5035858154297,189932500,0.0,0.0,-0.016364103125372176,-0.03154948130551305,0.08761926355248528,0.02735328802651975,177517445.0,0.008008964809924857,-0.01247074011193583,0.09104995967184659,0.02728875634305873,176000125.0
2026-02-13,NVDA,187.47999572753906,187.5,181.58999633789062,182.80999755859375,182.38320922851562,161888000,0.0,0.0,-0.02209274727292232,-0.024909314462179255,-0.014023073973103095,0.027408649321059186,175302415.0,-0.016364103125372176,-0.03154948130551305,0.08761926355248528,0.02735328802651975,177517445.0
2026-02-17,NVDA,181.75,187.14999389648438,179.17999267578125,184.97000122070312,184.53817749023438,162276900,0.0,0.0,0.011815606660472211,0.017716650457788807,-0.026678529478161073,0.027536061677591407,174017900.0,-0.02209274727292232,-0.024909314462179255,-0.014023073973103095,0.027408649321059186,175302415.0
2026-02-18,NVDA,188.75,190.3699951171875,186.75999450683594,187.97999572753906,187.5411376953125,164749100,0.0,0.0,0.016272839831405816,-0.004079492834230258,-0.0029702341410872135,0.025720118414719596,171088090.0,0.011815606660472211,0.017716650457788807,-0.026678529478161073,0.027536061677591407,174017900.0
2026-02-19,NVDA,187.05999755859375,188.42999267578125,185.66000366210938,187.89999389648438,187.46133422851562,126554500,0.0,0.0,-0.00042552512892679584,0.0044905182767764895,-0.011312855905823538,0.024958729367328816,167396765.0,0.016272839831405816,-0.004079492834230258,-0.0029702341410872135,0.025720118414719596,171088090.0
2026-02-20,NVDA,186.57000732421875,190.3300018310547,185.94000244140625,189.82000732421875,189.37686157226562,178422300,0.0,0.0,0.010218253015392254,0.017419734536174403,0.015406008116537917,0.024989924195937242,169336050.0,-0.00042552512892679584,0.0044905182767764895,-0.011312855905823538,0.024958729367328816,167396765.0
2026-02-23,NVDA,191.39999389648438,193.9499969482422,189.5800018310547,191.5500030517578,191.10281372070312,171584800,0.0,0.0,0.009113849147715847,0.0007837469177485179,0.04780925025429483,0.02484927916801875,170777885.0,0.010218253015392254,0.017419734536174403,0.015406008116537917,0.024989924195937242,169336050.0
2026-02-24,NVDA,191.49000549316406,193.77000427246094,187.39999389648438,192.85000610351562,192.39979553222656,175123600,0.0,0.0,0.006786827395534711,0.007102201531871133,0.04260158059926766,0.02480892831254748,173294085.0,0.009113849147715847,0.0007837469177485179,0.04780925025429483,0.02484927916801875,170777885.0
2026-02-25,NVDA,194.4499969482422,197.6300048828125,193.7899932861328,195.55999755859375,195.10345458984375,250637100,0.0,0.0,0.014052296937936859,0.005708411559641302,0.040323509750790354,0.024876814511421434,178640360.0,0.006786827395534711,0.007102201531871133,0.04260158059926766,0.02480892831254748,173294085.0
2026-02-26,NVDA,194.27000427246094,194.2899932861328,184.32000732421875,184.88999938964844,184.4583740234375,360807900,0.0,0.0,-0.054561210045126374,-0.04828334110528554,-0.01601909117651701,0.02765658498173248,189253120.0,0.014052296937936859,0.005708411559641302,0.040323509750790354,0.024876814511421434,178640360.0
2026-02-27,NVDA,181.25,182.58999633789062,176.3800048828125,177.19000244140625,176.77635192871094,311636500,0.0,0.0,-0.04164637217148226,-0.02239998653017239,-0.06653669059113843,0.02901887524577853,196246725.0,-0.054561210045126374,-0.04828334110528554,-0.01601909117651701,0.02765658498173248,189253120.0
2026-03-02,NVDA,175.00999450683594,183.4600067138672,174.63999938964844,182.47999572753906,182.05398559570312,209095300,0.0,0.0,0.029854862425945372,0.04268328355619344,-0.04735057505864282,0.029954567497959675,197727015.0,-0.04164637217148226,-0.02239998653017239,-0.06653669059113843,0.02901887524577853,196246725.0
2026-03-03,NVDA,178.49000549316406,180.89999389648438,176.9199981689453,180.0500030517578,179.62966918945312,178099400,0.0,0.0,-0.013316469827987176,0.008739971486266152,-0.06637286857529157,0.029413744747493482,198342280.0,0.029854862425945372,0.04268328355619344,-0.04735057505864282,0.029954567497959675,197727015.0
2026-03-04,NVDA,180.44000244140625,184.6999969482422,180.05999755859375,183.0399932861328,182.6126708984375,177731200,0.0,0.0,0.01660639760928495,0.014409170968454399,-0.06402133533547627,0.028934285417694085,197027860.0,-0.013316469827987176,0.008739971486266152,-0.06637286857529157,0.029413744747493482,198342280.0
2026-03-05,NVDA,181.1699981689453,184.05999755859375,177.8800048828125,183.33999633789062,182.91197204589844,198779700,0.0,0.0,0.0016389944136319112,0.011977690516515649,-0.008383473971979027,0.027721533868436617,196616140.0,0.01660639760928495,0.014409170968454399,-0.06402133533547627,0.028934285417694085,197027860.0
2026-03-06,NVDA,179.83999633789062,182.75999450683594,176.82000732421875,177.82000732421875,177.40489196777344,189021900,0.0,0.0,-0.030107816435017698,-0.011232145544957772,0.003555566297215984,0.02848467551383147,195751590.0,0.0016389944136319112,0.011977690516515649,-0.008383473971979027,0.027721533868436617,196616140.0
2026-03-09,NVDA,176.8300018310547,182.91000366210938,175.55999755859375,182.64999389648438,182.22360229492188,177213600,0.0,0.0,0.02716221787178097,0.03291292204469998,0.000931683525981386,0.022986611625917957,193044960.0,-0.030107816435017698,-0.011232145544957772,0.003555566297215984,0.02848467551383147,195751590.0
2026-03-10,NVDA,182.39999389648438,186.44000244140625,182.00999450683594,184.77000427246094,184.33865356445312,179118500,0.0,0.0,0.01160690076858506,0.012993478373259038,0.026214958788536746,0.022393930817862992,192181515.0,0.02716221787178097,0.03291292204469998,0.000931683525981386,0.022986611625917957,193044960.0
2026-03-11,NVDA,185.91000366210938,187.6199951171875,184.4499969482422,186.02999877929688,185.60574340820312,145280400,0.01,0.0,0.006873706730786022,0.0006454473391630522,0.016390278369184275,0.02240380694566599,192607295.0,0.01160690076858506,0.012993478373259038,0.026214958788536746,0.022393930817862992,192181515.0
2026-03-12,NVDA,184.0500030517578,184.94000244140625,181.75,183.13999938964844,182.7223358154297,155762700,0.0,0.0,-0.015535120518506584,-0.004944328427169187,-0.0010367622651904496,0.022555361810134476,193185795.0,0.006873706730786022,0.0006454473391630522,0.016390278369184275,0.02240380694566599,192607295.0
2026-03-13,NVDA,184.9199981689453,186.08999633789062,179.94000244140625,180.25,179.8389434814453,160988400,0.0,0.0,-0.015780185389578927,-0.025254154310983434,0.013720317893567646,0.022535617623367837,191738590.0,-0.015535120518506584,-0.004944328427169187,-0.0010367622651904496,0.022555361810134476,193185795.0
2026-03-16,NVDA,182.97000122070312,188.8800048828125,181.41000366210938,183.22000122070312,182.80215454101562,217307400,0.0,0.0,0.016477026622857327,0.0013663442003175597,0.0031749577925552774,0.022336658118689425,194509560.0,-0.015780185389578927,-0.025254154310983434,0.013720317893567646,0.022535617623367837,191738590.0
2026-03-17,NVDA,185.05999755859375,185.39999389648438,181.67999267578125,181.92999267578125,181.51510620117188,182497800,0.0,0.0,-0.007040662858024294,-0.016913460089187926,-0.015317174714493675,0.02222514620337542,195520605.0,0.016477026622857327,0.0013663442003175597,0.0031749577925552774,0.022336658118689425,194509560.0
2026-03-18,NVDA,182.47999572753906,183.3800048828125,180.3300018310547,180.39999389648438,179.98858642578125,156683100,0.0,0.0,-0.008409877322820725,-0.011398519726843581,-0.03026391791157046,0.021922884046235668,195117305.0,-0.007040662858024294,-0.016913460089187926,-0.015317174714493675,0.02222514620337542,195520605.0
2026-03-19,NVDA,178.00999450683594,179.97999572753906,175.7899932861328,178.55999755859375,178.15277099609375,170968500,0.0,0.0,-0.010199621354571309,0.0030897313000968207,-0.02500824433391502,0.02199893503791467,197338005.0,-0.008409877322820725,-0.011398519726843581,-0.03026391791157046,0.021922884046235668,195117305.0
2026-03-20,NVDA,178.0,178.25999450683594,171.72000122070312,172.6999969482422,172.30615234375,241323500,0.0,0.0,-0.03281800569058757,-0.029775298043583254,-0.0418863177900759,0.02279919110762536,200483065.0,-0.010199621354571309,0.0030897313000968207,-0.02500824433391502,0.02199893503791467,197338005.0
2026-03-23,NVDA,177.25999450683594,178.3699951171875,174.75999450683594,175.63999938964844,175.23944091796875,182836300,0.0,0.0,0.01702370190686442,-0.009139090417409568,-0.04137103111303875,0.02311352349059697,201045640.0,-0.03281800569058757,-0.029775298043583254,-0.0418863177900759,0.02279919110762536,200483065.0
2026-03-24,NVDA,174.8300018310547,176.22000122070312,173.97999572753906,175.1999969482422,174.80044555664062,147667800,0.0,0.0,-0.0025051173356209766,0.0021163136378905545,-0.03699229659205028,0.022976862899009715,199672850.0,0.01702370190686442,-0.009139090417409568,-0.04137103111303875,0.02311352349059697,201045640.0
2026-03-25,NVDA,177.10000610351562,181.22000122070312,176.85000610351562,178.67999267578125,178.2725067138672,162602100,0.0,0.0,0.019862999468737152,0.008921437141804045,-0.009534380740423787,0.023259215430610356,195271100.0,-0.0025051173356209766,0.0021163136378905545,-0.03699229659205028,0.022976862899009715,199672850.0
2026-03-26,NVDA,176.07000732421875,176.50999450683594,171.13999938964844,171.24000549316406,170.8494873046875,186152200,0.0,0.0,-0.04163861015929882,-0.027432280514197105,-0.040994499555476405,0.021929229195857502,186538315.0,0.019862999468737152,0.008921437141804045,-0.009534380740423787,0.023259215430610356,195271100.0
2026-03-27,NVDA,170.0,170.97000122070312,167.00999450683594,167.52000427246094,167.13796997070312,196212700,0.0,0.0,-0.021723900917334227,-0.01458821016199452,-0.029994183624600823,0.020516768267274,180767125.0,-0.04163861015929882,-0.027432280514197105,-0.040994499555476405,0.021929229195857502,186538315.0
2026-03-30,NVDA,168.77999877929688,169.4499969482422,164.27000427246094,165.1699981689453,164.79331970214844,185627000,0.0,0.0,-0.01402823229793726,-0.021388793911962023,-0.05961056004915155,0.019165423638324335,179593710.0,-0.021723900917334227,-0.01458821016199452,-0.029994183624600823,0.020516768267274,180767125.0
2026-03-31,NVDA,166.97000122070312,174.6199951171875,166.9600067138672,174.39999389648438,174.00225830078125,226181300,0.0,0.0,0.055881746998466264,0.04449896760772121,-0.004566277009864561,0.023337629335276368,181997805.0,-0.01402823229793726,-0.021388793911962023,-0.05961056004915155,0.019165423638324335,179593710.0
2026-04-01,NVDA,176.0,177.3699951171875,174.75,175.75,175.34918212890625,168132000,0.0,0.0,0.007740841074583615,-0.0014204545454544748,-0.01639806742412031,0.023061522314064362,181517845.0,0.055881746998466264,0.04449896760772121,-0.004566277009864561,0.023337629335276368,181997805.0
2026-04-02,NVDA,172.17999267578125,177.49000549316406,171.3699951171875,177.38999938964844,176.98545837402344,143143200,0.0,0.0,0.009331530522419529,0.030259071526839598,0.035914483362734506,0.02318529246959568,178736020.0,0.007740841074583615,-0.0014204545454544748,-0.01639806742412031,0.023061522314064362,181517845.0
2026-04-06,NVDA,177.16000366210938,177.7899932861328,175.75999450683594,177.63999938964844,177.23487854003906,107564300,0.0,0.0,0.0014092692603508983,0.0027093910454785153,0.06041062106417705,0.022180050301427293,174663140.0,0.009331530522419529,0.030259071526839598,0.035914483362734506,0.02318529246959568,178736020.0
2026-04-07,NVDA,175.72999572753906,178.22999572753906,173.66000366210938,178.10000610351562,177.69383239746094,132534900,0.0,0.0,0.0025895233556876285,0.013486658132349394,0.07828298330678218,0.021268874588029396,172429205.0,0.0014092692603508983,0.0027093910454785153,0.06041062106417705,0.022180050301427293,174663140.0
2026-04-08,NVDA,184.5,185.25999450683594,180.3000030517578,182.0800018310547,181.66476440429688,147732700,0.0,0.0,0.02234704465123949,-0.013116521240896017,0.044036819857074416,0.02173557099765361,170859915.0,0.0025895233556876285,0.013486658132349394,0.07828298330678218,0.021268874588029396,172429205.0
2026-04-09,NVDA,181.83999633789062,184.0800018310547,180.6199951171875,183.91000366210938,183.4906005859375,116428500,0.0,0.0,0.01005057963567002,0.011383674471551863,0.04642974867739147,0.021803849892402857,169417320.0,0.02234704465123949,-0.013116521240896017,0.044036819857074416,0.02173557099765361,170859915.0
2026-04-10,NVDA,184.30999755859375,190.0,184.3000030517578,188.6300048828125,188.1998291015625,160459500,0.0,0.0,0.02566468527863064,0.023438811683806682,0.06336323238398345,0.022235474724302103,169652160.0,0.01005057963567002,0.011383674471551863,0.04642974867739147,0.021803849892402857,169417320.0
2026-04-13,NVDA,186.02999877929688,189.66000366210938,185.74000549316406,189.30999755859375,188.87826538085938,133648200,0.0,0.0,0.0036048719201053903,0.017631558355210464,0.06569466990206418,0.021852059984195732,168285150.0,0.02566468527863064,0.023438811683806682,0.06336323238398345,0.022235474724302103,169652160.0
2026-04-14,NVDA,190.83999633789062,196.50999450683594,190.77000427246094,196.50999450683594,196.0618438720703,161307000,0.0,0.0,0.038032848706683,0.02971074343821689,0.10336887457930599,0.02306618465398751,165485130.0,0.0036048719201053903,0.017631558355210464,0.06569466990206418,0.021852059984195732,168285150.0
2026-04-15,NVDA,196.5399932861328,200.39999389648438,195.74000549316406,198.8699951171875,198.41647338867188,185338400,0.0,0.0,0.012009626504063453,0.011855102832239117,0.09221220768543703,0.02298996510244283,165627160.0,0.038032848706683,0.02971074343821689,0.10336887457930599,0.02306618465398751,165485130.0
2026-04-16,NVDA,197.42999267578125,199.85000610351562,195.80999755859375,198.35000610351562,197.8976593017578,134012900,0.0,0.0,-0.0026147732496876186,0.0046599476364526105,0.078516603410826,0.0228519933043916,164493650.0,0.012009626504063453,0.011855102832239117,0.09221220768543703,0.02298996510244283,165627160.0
2026-04-17,NVDA,199.89999389648438,201.6999969482422,199.27000427246094,201.67999267578125,201.2200469970703,160324400,0.0,0.0,0.01678841329925218,0.008904446391422294,0.0691829421825958,0.022703491688966376,163961445.0,-0.0026147732496876186,0.0046599476364526105,0.078516603410826,0.0228519933043916,164493650.0
2026-04-20,NVDA,199.97999572753906,202.1699981689453,197.83999633789062,202.05999755859375,201.59918212890625,119381400,0.0,0.0,0.00188418170800575,0.01040104948241205,0.06734981773787507,0.02079864564710393,157864340.0,0.01678841329925218,0.008904446391422294,0.0691829421825958,0.022703491688966376,163961445.0
2026-04-21,NVDA,202.1300048828125,202.75,199.0,199.8800048828125,199.42417907714844,107945300,0.0,0.0,-0.010788749382758311,-0.011131449787993963,0.017149360317513018,0.0210972213065229,154119790.0,0.00188418170800575,0.01040104948241205,0.06734981773787507,0.02079864564710393,157864340.0
2026-04-22,NVDA,200.99000549316406,202.5,199.0,202.5,202.03819274902344,107501000,0.0,0.0,0.013107807107300529,0.0075127840468032225,0.01825311829455356,0.021027623263433073,152111450.0,-0.010788749382758311,-0.011131449787993963,0.017149360317513018,0.0210972213065229,154119790.0
2026-04-23,NVDA,202.4600067138672,203.8300018310547,197.22000122070312,199.63999938964844,199.18470764160156,113561800,0.0,0.0,-0.01412349352662512,-0.01392871298381515,0.006503605673684243,0.02134475893341072,149659435.0,0.013107807107300529,0.0075127840468032225,0.01825311829455356,0.021027623263433073,152111450.0
2026-04-24,NVDA,199.9600067138672,210.9499969482422,199.80999755859375,208.27000427246094,207.79502868652344,214134400,0.0,0.0,0.04322782178848117,0.04155829805749578,0.032675579732614146,0.01980259135111252,151058545.0,-0.01412349352662512,-0.01392871298381515,0.006503605673684243,0.02134475893341072,149659435.0
2026-04-27,NVDA,209.64999389648438,216.8300018310547,207.3800048828125,216.61000061035156,216.1160125732422,187172400,0.0,0.0,0.040044191332756496,0.03319822044594822,0.07200837965232232,0.019403978759067277,150606530.0,0.04322782178848117,0.04155829805749578,0.032675579732614146,0.01980259135111252,151058545.0
2026-04-28,NVDA,209.49000549316406,214.72999572753906,208.1999969482422,213.1699981689453,212.68385314941406,180275400,0.0,0.0,-0.015881097300298186,0.017566435530507185,0.06648980145549976,0.019544274159925185,150338950.0,0.040044191332756496,0.03319822044594822,0.07200837965232232,0.019403978759067277,150606530.0
2026-04-29,NVDA,212.6999969482422,212.72000122070312,207.5800018310547,209.25,208.77279663085938,123711800,0.0,0.0,-0.01838906179589994,-0.016220014093755286,0.03333332074595341,0.017962673088395657,145215475.0,-0.015881097300298186,0.017566435530507185,0.06648980145549976,0.019544274159925185,150338950.0
2026-04-30,NVDA,209.92999267578125,210.3000030517578,198.6999969482422,199.57000732421875,199.1148681640625,225239200,0.0,0.0,-0.046260473695112214,-0.04934971520511888,-0.00035062670405761054,0.0218480611683528,148070835.0,-0.01838906179589994,-0.016220014093755286,0.03333332074595341,0.017962673088395657,145215475.0
2026-05-01,NVDA,201.27999877929688,203.0,197.1199951171875,198.4499969482422,197.9974365234375,128647000,0.0,0.0,-0.005611994980225576,-0.014060025080573357,-0.047150272193789755,0.02200475522429161,147346025.0,-0.046260473695112214,-0.04934971520511888,-0.00035062670405761054,0.0218480611683528,148070835.0
2026-05-04,NVDA,199.5,201.72999572753906,194.74000549316406,198.47999572753906,198.02734375,125368100,0.0,0.0,0.00015104855440362108,-0.0051128033707315,-0.08369888287251226,0.022019926474392923,148236215.0,-0.005611994980225576,-0.014060025080573357,-0.047150272193789755,0.02200475522429161,147346025.0
2026-05-05,NVDA,199.3000030517578,200.24000549316406,196.02999877929688,196.5,196.05186462402344,113406600,0.0,0.0,-0.009975789648880573,-0.014049187199614122,-0.07820052288457635,0.022293650571400588,147279800.0,0.00015104855440362108,-0.0051128033707315,-0.08369888287251226,0.022019926474392923,148236215.0
2026-05-06,NVDA,199.88999938964844,208.27000427246094,198.61000061035156,207.8300018310547,207.3560333251953,188362800,0.0,0.0,0.05765907262779835,0.03972185935089567,-0.006786149002779851,0.024964503643271112,149311305.0,-0.009975789648880573,-0.014049187199614122,-0.07820052288457635,0.022293650571400588,147279800.0
2026-05-07,NVDA,208.33999633789062,214.1999969482422,206.5,211.5,211.01766967773438,168307900,0.0,0.0,0.017658692123978526,0.015167532483702395,0.05977856713273888,0.025072306469945505,151905275.0,0.05765907262779835,0.03972185935089567,-0.006786149002779851,0.024964503643271112,149311305.0
2026-05-08,NVDA,213.02999877929688,217.8000030517578,212.88999938964844,215.1999969482422,214.709228515625,136421400,0.0,0.0,0.017494074517685476,0.010186350191897064,0.0844040826266419,0.024822807312978423,150703370.0,0.017658692123978526,0.015167532483702395,0.05977856713273888,0.025072306469945505,151905275.0
2026-05-11,NVDA,214.0399932861328,222.3000030517578,213.88999938964844,219.44000244140625,218.93955993652344,160685800,0.0,0.0,0.019702606404692125,0.025228972737139976,0.10560266976526278,0.024970854367608864,152055250.0,0.017494074517685476,0.010186350191897064,0.0844040826266419,0.024822807312978423,150703370.0
2026-05-12,NVDA,218.5500030517578,223.75,214.9199981689453,220.77999877929688,220.27650451660156,159176600,0.0,0.0,0.006106455043874748,0.01020359504186752,0.12356240497398319,0.023928828386169613,151948730.0,0.019702606404692125,0.025228972737139976,0.10560266976526278,0.024970854367608864,152055250.0
2026-05-13,NVDA,224.92999267578125,227.83999633789062,221.57000732421875,225.8300018310547,225.3149871826172,150405400,0.0,0.0,0.02287344570440064,0.004001285664783305,0.08660926605042141,0.024191675985079698,150202080.0,0.006106455043874748,0.01020359504186752,0.12356240497398319,0.023928828386169613,151948730.0
2026-05-14,NVDA,229.85000610351562,236.5399932861328,229.3000030517578,235.74000549316406,235.202392578125,180782900,0.0,0.0,0.043882590852662995,0.02562540453880091,0.11460994208364395,0.025455422925129267,152540580.0,0.02287344570440064,0.004001285664783305,0.08660926605042141,0.024191675985079698,150202080.0
2026-05-15,NVDA,229.75999450683594,231.5,224.24000549316406,225.32000732421875,224.80615234375,180977600,0.0,0.0,-0.04420125203837699,-0.019324457210870505,0.04702603562003027,0.0279967792567684,153573240.0,0.043882590852662995,0.02562540453880091,0.11460994208364395,0.025455422925129267,152540580.0
2026-05-18,NVDA,229.8699951171875,230.0,218.3699951171875,222.32000732421875,221.81300354003906,146280900,0.0,0.0,-0.013314354489436409,-0.032844598918270185,0.01312436913798809,0.028316760338857033,154918215.0,-0.04420125203837699,-0.019324457210870505,0.04702603562003027,0.0279967792567684,153573240.0
2026-05-19,NVDA,219.6199951171875,224.47999572753906,217.91000366210938,220.61000061035156,220.1068878173828,140948200,0.0,0.0,-0.00769168486710603,0.004507811288474883,-0.0007700172090118196,0.02823325119015667,156568360.0,-0.013314354489436409,-0.032844598918270185,0.01312436913798809,0.028316760338857033,154918215.0
2026-05-20,NVDA,223.17999267578125,226.1300048828125,220.5,223.47000122070312,222.9603729248047,184201600,0.0,0.0,0.012964088201498525,0.0012994379175519377,-0.010450322400897827,0.028231183707443413,160403390.0,-0.00769168486710603,0.004507811288474883,-0.0007700172090118196,0.02823325119015667,156568360.0
2026-05-21,NVDA,222.2899932861328,227.39999389648438,217.92999267578125,219.50999450683594,219.0093994140625,203381800,0.0,0.0,-0.017720518937572316,-0.012506180499625263,-0.06884705970277838,0.0283726457067341,164894390.0,0.012964088201498525,0.0012994379175519377,-0.010450322400897827,0.028231183707443413,160403390.0
2026-05-22,NVDA,220.89999389648438,221.00999450683594,214.8000030517578,215.3300018310547,214.83892822265625,169275700,0.0,0.0,-0.019042430153974776,-0.02521499420248885,-0.04433697217437771,0.027371566612587835,162651455.0,-0.017720518937572316,-0.012506180499625263,-0.06884705970277838,0.0283726457067341,164894390.0
2026-05-26,NVDA,216.5399932861328,218.17999267578125,212.0,214.86000061035156,214.37001037597656,187202600,0.0,0.0,-0.0021826484173934624,-0.007758348239908397,-0.03355526071634918,0.025871869885843644,162652965.0,-0.019042430153974776,-0.02521499420248885,-0.04433697217437771,0.027371566612587835,162651455.0
2026-05-27,NVDA,214.1199951171875,214.14999389648438,208.77999877929688,212.60000610351562,212.1151580810547,167601200,0.0,0.0,-0.010518506254522997,-0.007098771942526838,-0.03630840368320809,0.025726972697270117,162019255.0,-0.0021826484173934624,-0.007758348239908397,-0.03355526071634918,0.025871869885843644,162652965.0
2026-05-28,NVDA,211.27999877929688,215.52000427246094,211.22000122070312,214.25,213.7613983154297,143996000,0.0,0.0,0.0077610683237732125,0.014057181171255095,-0.0412583388191472,0.02539600046414302,163033465.0,-0.010518506254522997,-0.007098771942526838,-0.03630840368320809,0.025726972697270117,162019255.0
2026-05-29,NVDA,214.5800018310547,217.86000061035156,211.1300048828125,211.13999938964844,210.6584930419922,289410600,0.0,0.0,-0.014515741840623653,-0.016031328232137265,-0.038130356023131085,0.023147218456797646,166242035.0,0.0077610683237732125,0.014057181171255095,-0.0412583388191472,0.02539600046414302,163033465.0
