target,model,actual_label,actual_name,predicted_label,predicted_name,count
direction,class_prior,-1,down,-1,down,120
direction,class_prior,-1,down,1,up,0
direction,class_prior,1,up,-1,down,131
direction,class_prior,1,up,1,up,0
direction,market_volume,-1,down,-1,down,48
direction,market_volume,-1,down,1,up,72
direction,market_volume,1,up,-1,down,66
direction,market_volume,1,up,1,up,65
direction,tfidf_only,-1,down,-1,down,57
direction,tfidf_only,-1,down,1,up,63
direction,tfidf_only,1,up,-1,down,56
direction,tfidf_only,1,up,1,up,75
direction,market_volume_tfidf,-1,down,-1,down,56
direction,market_volume_tfidf,-1,down,1,up,64
direction,market_volume_tfidf,1,up,-1,down,54
direction,market_volume_tfidf,1,up,1,up,77
move_band,class_prior,-1,down,-1,down,0
move_band,class_prior,-1,down,0,neutral,39
move_band,class_prior,-1,down,1,up,0
move_band,class_prior,0,neutral,-1,down,0
move_band,class_prior,0,neutral,0,neutral,162
move_band,class_prior,0,neutral,1,up,0
move_band,class_prior,1,up,-1,down,0
move_band,class_prior,1,up,0,neutral,50
move_band,class_prior,1,up,1,up,0
move_band,market_volume,-1,down,-1,down,14
move_band,market_volume,-1,down,0,neutral,20
move_band,market_volume,-1,down,1,up,5
move_band,market_volume,0,neutral,-1,down,31
move_band,market_volume,0,neutral,0,neutral,99
move_band,market_volume,0,neutral,1,up,32
move_band,market_volume,1,up,-1,down,25
move_band,market_volume,1,up,0,neutral,19
move_band,market_volume,1,up,1,up,6
move_band,tfidf_only,-1,down,-1,down,15
move_band,tfidf_only,-1,down,0,neutral,22
move_band,tfidf_only,-1,down,1,up,2
move_band,tfidf_only,0,neutral,-1,down,36
move_band,tfidf_only,0,neutral,0,neutral,101
move_band,tfidf_only,0,neutral,1,up,25
move_band,tfidf_only,1,up,-1,down,20
move_band,tfidf_only,1,up,0,neutral,23
move_band,tfidf_only,1,up,1,up,7
move_band,market_volume_tfidf,-1,down,-1,down,14
move_band,market_volume_tfidf,-1,down,0,neutral,22
move_band,market_volume_tfidf,-1,down,1,up,3
move_band,market_volume_tfidf,0,neutral,-1,down,32
move_band,market_volume_tfidf,0,neutral,0,neutral,105
move_band,market_volume_tfidf,0,neutral,1,up,25
move_band,market_volume_tfidf,1,up,-1,down,22
move_band,market_volume_tfidf,1,up,0,neutral,16
move_band,market_volume_tfidf,1,up,1,up,12
