model,c,target,fold,train_start,train_end,validation_start,validation_end,n,accuracy,balanced_accuracy,macro_f1,log_loss,roc_auc,macro_ovr_auc
class_prior,,direction,1,2025-10-02,2025-11-18,2025-11-19,2025-12-12,93,0.43010752688172044,0.5,0.3007518796992481,0.6960806839192298,0.5,
market_volume,0.01,direction,1,2025-10-02,2025-11-18,2025-11-19,2025-12-12,93,0.5053763440860215,0.5108490566037736,0.5048611111111111,0.6942130839961486,0.5311320754716982,
market_volume,0.1,direction,1,2025-10-02,2025-11-18,2025-11-19,2025-12-12,93,0.43010752688172044,0.4356132075471698,0.42984384037015616,0.7075684003762067,0.4938679245283019,
market_volume,1.0,direction,1,2025-10-02,2025-11-18,2025-11-19,2025-12-12,93,0.45161290322580644,0.4636792452830189,0.4513591671486408,0.7149053721330237,0.49198113207547167,
market_volume,10.0,direction,1,2025-10-02,2025-11-18,2025-11-19,2025-12-12,93,0.45161290322580644,0.46674528301886786,0.4505965481292714,0.7157349597812815,0.4933962264150943,
tfidf_only,0.01,direction,1,2025-10-02,2025-11-18,2025-11-19,2025-12-12,93,0.40860215053763443,0.41674528301886793,0.40860215053763443,0.6934427561946255,0.38443396226415094,
tfidf_only,0.1,direction,1,2025-10-02,2025-11-18,2025-11-19,2025-12-12,93,0.41935483870967744,0.42617924528301887,0.4192876965772433,0.6959357129143113,0.3900943396226415,
tfidf_only,1.0,direction,1,2025-10-02,2025-11-18,2025-11-19,2025-12-12,93,0.46236559139784944,0.4669811320754717,0.4618055555555556,0.7154597589187108,0.38726415094339617,
tfidf_only,10.0,direction,1,2025-10-02,2025-11-18,2025-11-19,2025-12-12,93,0.45161290322580644,0.44528301886792454,0.4451982688033688,0.8540190506986046,0.3933962264150943,
market_volume_tfidf,0.01,direction,1,2025-10-02,2025-11-18,2025-11-19,2025-12-12,93,0.4946236559139785,0.4983490566037736,0.4936870149426619,0.6945806757942462,0.5268867924528302,
market_volume_tfidf,0.1,direction,1,2025-10-02,2025-11-18,2025-11-19,2025-12-12,93,0.45161290322580644,0.45754716981132076,0.4513591671486408,0.7103529219044141,0.49339622641509434,
market_volume_tfidf,1.0,direction,1,2025-10-02,2025-11-18,2025-11-19,2025-12-12,93,0.40860215053763443,0.41674528301886793,0.40860215053763443,0.7411317948659647,0.4410377358490566,
market_volume_tfidf,10.0,direction,1,2025-10-02,2025-11-18,2025-11-19,2025-12-12,93,0.3978494623655914,0.4042452830188679,0.39777983348751156,0.9148357236191974,0.410377358490566,
class_prior,,direction,2,2025-10-02,2025-12-12,2025-12-15,2026-01-08,93,0.5483870967741935,0.5,0.3541666666666667,0.6906730788757509,0.5,
market_volume,0.01,direction,2,2025-10-02,2025-12-12,2025-12-15,2026-01-08,93,0.5053763440860215,0.49859943977591037,0.49835834896810505,0.6926306438362827,0.5149393090569561,
market_volume,0.1,direction,2,2025-10-02,2025-12-12,2025-12-15,2026-01-08,93,0.5161290322580645,0.5126050420168067,0.5125218404193361,0.6914583884706482,0.5298786181139122,
market_volume,1.0,direction,2,2025-10-02,2025-12-12,2025-12-15,2026-01-08,93,0.5591397849462365,0.5602240896358543,0.5583227151627476,0.6901728174928254,0.5471521942110177,
market_volume,10.0,direction,2,2025-10-02,2025-12-12,2025-12-15,2026-01-08,93,0.5376344086021505,0.5406162464985994,0.5374204742625796,0.6898283317542584,0.5569561157796452,
tfidf_only,0.01,direction,2,2025-10-02,2025-12-12,2025-12-15,2026-01-08,93,0.5161290322580645,0.5210084033613445,0.5161290322580645,0.6930343561412408,0.5261437908496732,
tfidf_only,0.1,direction,2,2025-10-02,2025-12-12,2025-12-15,2026-01-08,93,0.5268817204301075,0.5329131652661064,0.526827012025902,0.6923493646452685,0.5177404295051354,
tfidf_only,1.0,direction,2,2025-10-02,2025-12-12,2025-12-15,2026-01-08,93,0.5161290322580645,0.5189075630252101,0.5159051474840948,0.6922136027676511,0.5396825396825398,
tfidf_only,10.0,direction,2,2025-10-02,2025-12-12,2025-12-15,2026-01-08,93,0.5483870967741935,0.5315126050420168,0.5241228070175439,0.7723531767890583,0.5392156862745098,
market_volume_tfidf,0.01,direction,2,2025-10-02,2025-12-12,2025-12-15,2026-01-08,93,0.5053763440860215,0.49859943977591037,0.49835834896810505,0.6925148194538128,0.5196078431372549,
market_volume_tfidf,0.1,direction,2,2025-10-02,2025-12-12,2025-12-15,2026-01-08,93,0.5376344086021505,0.5301120448179272,0.5298059964726631,0.6903770254137848,0.5406162464985995,
market_volume_tfidf,1.0,direction,2,2025-10-02,2025-12-12,2025-12-15,2026-01-08,93,0.5591397849462365,0.5518207282913166,0.5516754850088184,0.6897252385833142,0.5476190476190477,
market_volume_tfidf,10.0,direction,2,2025-10-02,2025-12-12,2025-12-15,2026-01-08,93,0.5591397849462365,0.553921568627451,0.5539829219791788,0.7870063038139478,0.5504201680672269,
class_prior,,direction,3,2025-10-02,2026-01-08,2026-01-09,2026-02-03,89,0.48314606741573035,0.5,0.32575757575757575,0.6957702590550564,0.5,
market_volume,0.01,direction,3,2025-10-02,2026-01-08,2026-01-09,2026-02-03,89,0.4044943820224719,0.40722952477249746,0.4017755231452124,0.7100089020329479,0.37209302325581395,
market_volume,0.1,direction,3,2025-10-02,2026-01-08,2026-01-09,2026-02-03,89,0.4044943820224719,0.40647118301314455,0.4032890575585073,0.7311083692859665,0.3624873609706775,
market_volume,1.0,direction,3,2025-10-02,2026-01-08,2026-01-09,2026-02-03,89,0.38202247191011235,0.3809403437815976,0.38077166350411135,0.739798581248893,0.3670374115267947,
market_volume,10.0,direction,3,2025-10-02,2026-01-08,2026-01-09,2026-02-03,89,0.4157303370786517,0.41506572295247723,0.41506572295247723,0.7415271673049323,0.37209302325581395,
tfidf_only,0.01,direction,3,2025-10-02,2026-01-08,2026-01-09,2026-02-03,89,0.5280898876404494,0.5267947421638017,0.5265957446808511,0.6930868663644658,0.5212335692618807,
tfidf_only,0.1,direction,3,2025-10-02,2026-01-08,2026-01-09,2026-02-03,89,0.4943820224719101,0.49266936299292213,0.4920735573874445,0.6922538843169435,0.5333670374115268,
tfidf_only,1.0,direction,3,2025-10-02,2026-01-08,2026-01-09,2026-02-03,89,0.5168539325842697,0.5144084934277048,0.5129184166984855,0.6901123310435399,0.5626895854398383,
tfidf_only,10.0,direction,3,2025-10-02,2026-01-08,2026-01-09,2026-02-03,89,0.5168539325842697,0.5136501516683519,0.5106763840941055,0.7972849835739387,0.5561172901921132,
market_volume_tfidf,0.01,direction,3,2025-10-02,2026-01-08,2026-01-09,2026-02-03,89,0.4044943820224719,0.40722952477249746,0.4017755231452124,0.7096452086030431,0.37714863498483314,
market_volume_tfidf,0.1,direction,3,2025-10-02,2026-01-08,2026-01-09,2026-02-03,89,0.4044943820224719,0.40647118301314455,0.4032890575585073,0.727570598981507,0.391304347826087,
market_volume_tfidf,1.0,direction,3,2025-10-02,2026-01-08,2026-01-09,2026-02-03,89,0.449438202247191,0.44843276036400403,0.4483238456672992,0.7319170227759957,0.4737108190091001,
market_volume_tfidf,10.0,direction,3,2025-10-02,2026-01-08,2026-01-09,2026-02-03,89,0.4943820224719101,0.48963599595551066,0.4815533980582524,0.8548178070893576,0.5242669362992922,
class_prior,,direction,4,2025-10-02,2026-02-03,2026-02-04,2026-02-27,95,0.5368421052631579,0.5,0.3493150684931507,0.6913295498178156,0.5,
market_volume,0.01,direction,4,2025-10-02,2026-02-03,2026-02-04,2026-02-27,95,0.4,0.4053030303030303,0.39893439893439897,0.7074385258419041,0.3796791443850267,
market_volume,0.1,direction,4,2025-10-02,2026-02-03,2026-02-04,2026-02-27,95,0.4,0.40998217468805703,0.39327731092436974,0.7218822685921796,0.35873440285204994,
market_volume,1.0,direction,4,2025-10-02,2026-02-03,2026-02-04,2026-02-27,95,0.4105263157894737,0.41822638146167557,0.4073083778966132,0.7270841521346029,0.3587344028520499,
market_volume,10.0,direction,4,2025-10-02,2026-02-03,2026-02-04,2026-02-27,95,0.4105263157894737,0.41822638146167557,0.4073083778966132,0.7281988310735841,0.3667557932263815,
tfidf_only,0.01,direction,4,2025-10-02,2026-02-03,2026-02-04,2026-02-27,95,0.4105263157894737,0.4073083778966132,0.4073083778966132,0.6935483276327533,0.3716577540106952,
tfidf_only,0.1,direction,4,2025-10-02,2026-02-03,2026-02-04,2026-02-27,95,0.4105263157894737,0.4073083778966132,0.4073083778966132,0.6971301318948006,0.37210338680926913,
tfidf_only,1.0,direction,4,2025-10-02,2026-02-03,2026-02-04,2026-02-27,95,0.43157894736842106,0.428475935828877,0.428475935828877,0.7284331948021223,0.39884135472370763,
tfidf_only,10.0,direction,4,2025-10-02,2026-02-03,2026-02-04,2026-02-27,95,0.4842105263157895,0.48373440285204994,0.4832944832944833,0.9184479204958869,0.4496434937611408,
market_volume_tfidf,0.01,direction,4,2025-10-02,2026-02-03,2026-02-04,2026-02-27,95,0.4105263157894737,0.41666666666666663,0.40888888888888886,0.7077569912454424,0.3685383244206774,
market_volume_tfidf,0.1,direction,4,2025-10-02,2026-02-03,2026-02-04,2026-02-27,95,0.3684210526315789,0.37589126559714797,0.3649732620320856,0.7247096596948914,0.34625668449197866,
market_volume_tfidf,1.0,direction,4,2025-10-02,2026-02-03,2026-02-04,2026-02-27,95,0.37894736842105264,0.38257575757575757,0.378671987584525,0.7571349115073459,0.356951871657754,
market_volume_tfidf,10.0,direction,4,2025-10-02,2026-02-03,2026-02-04,2026-02-27,95,0.4631578947368421,0.46568627450980393,0.4631578947368421,0.9626804928022149,0.411764705882353,
class_prior,,move_band,1,2025-10-02,2025-11-18,2025-11-19,2025-12-12,93,0.5591397849462365,0.3333333333333333,0.23908045977011494,0.9884499316534476,,0.5
market_volume,0.01,move_band,1,2025-10-02,2025-11-18,2025-11-19,2025-12-12,93,0.4731182795698925,0.408974358974359,0.41231815005399913,1.0435579864630768,,0.6710755671874753
market_volume,0.1,move_band,1,2025-10-02,2025-11-18,2025-11-19,2025-12-12,93,0.45161290322580644,0.425,0.415499533146592,1.0509585022230665,,0.6600375031472593
market_volume,1.0,move_band,1,2025-10-02,2025-11-18,2025-11-19,2025-12-12,93,0.43010752688172044,0.40525641025641024,0.3973261065943993,1.065479066182245,,0.6465528851827275
market_volume,10.0,move_band,1,2025-10-02,2025-11-18,2025-11-19,2025-12-12,93,0.43010752688172044,0.40525641025641024,0.3973261065943993,1.0700854489239797,,0.6403182792816938
tfidf_only,0.01,move_band,1,2025-10-02,2025-11-18,2025-11-19,2025-12-12,93,0.41935483870967744,0.37057692307692314,0.3681725681725682,1.0975731270625584,,0.5791992082522929
tfidf_only,0.1,move_band,1,2025-10-02,2025-11-18,2025-11-19,2025-12-12,93,0.3870967741935484,0.3513461538461538,0.34646843908420877,1.0919764894853787,,0.5687672334838761
tfidf_only,1.0,move_band,1,2025-10-02,2025-11-18,2025-11-19,2025-12-12,93,0.3870967741935484,0.3219230769230769,0.33110027227674294,1.093708669366116,,0.5205022464384014
tfidf_only,10.0,move_band,1,2025-10-02,2025-11-18,2025-11-19,2025-12-12,93,0.3978494623655914,0.2931410256410256,0.2981068547106283,1.2336355076782668,,0.4561907688198937
market_volume_tfidf,0.01,move_band,1,2025-10-02,2025-11-18,2025-11-19,2025-12-12,93,0.4731182795698925,0.408974358974359,0.41231815005399913,1.0437437138539678,,0.6686752558775515
market_volume_tfidf,0.1,move_band,1,2025-10-02,2025-11-18,2025-11-19,2025-12-12,93,0.4731182795698925,0.42339743589743595,0.426220100443278,1.0497839807207305,,0.6498258854966171
market_volume_tfidf,1.0,move_band,1,2025-10-02,2025-11-18,2025-11-19,2025-12-12,93,0.5053763440860215,0.46397435897435896,0.4541569541569541,1.0562244413349489,,0.6126316342672153
market_volume_tfidf,10.0,move_band,1,2025-10-02,2025-11-18,2025-11-19,2025-12-12,93,0.41935483870967744,0.3203846153846154,0.32375679809972674,1.1996472210188465,,0.5364208030133424
class_prior,,move_band,2,2025-10-02,2025-12-12,2025-12-15,2026-01-08,93,0.7634408602150538,0.3333333333333333,0.2886178861788618,0.7855059822227423,,0.5
market_volume,0.01,move_band,2,2025-10-02,2025-12-12,2025-12-15,2026-01-08,93,0.5913978494623656,0.41113346747149565,0.37187878787878786,0.9711809457107868,,0.683836379816842
market_volume,0.1,move_band,2,2025-10-02,2025-12-12,2025-12-15,2026-01-08,93,0.6021505376344086,0.4528001341381623,0.41534391534391535,0.926519027402428,,0.6808930264272518
market_volume,1.0,move_band,2,2025-10-02,2025-12-12,2025-12-15,2026-01-08,93,0.6129032258064516,0.45749496981891347,0.42038955656858673,0.9167488395851235,,0.686246382376027
market_volume,10.0,move_band,2,2025-10-02,2025-12-12,2025-12-15,2026-01-08,93,0.6236559139784946,0.46218980549966465,0.42450532042085126,0.9147441629006984,,0.6892495828782574
tfidf_only,0.01,move_band,2,2025-10-02,2025-12-12,2025-12-15,2026-01-08,93,0.5698924731182796,0.43745808182427903,0.4071145411605938,1.0939456999672565,,0.5853373041788719
tfidf_only,0.1,move_band,2,2025-10-02,2025-12-12,2025-12-15,2026-01-08,93,0.5483870967741935,0.4280684104627766,0.3935693935693936,1.0667007167957643,,0.5837240789442083
tfidf_only,1.0,move_band,2,2025-10-02,2025-12-12,2025-12-15,2026-01-08,93,0.5161290322580645,0.37575452716297786,0.35300372142477404,1.010641917063818,,0.5645069893627883
tfidf_only,10.0,move_band,2,2025-10-02,2025-12-12,2025-12-15,2026-01-08,93,0.5268817204301075,0.28613346747149565,0.2845047109752992,1.0729901390349912,,0.4958661976597962
market_volume_tfidf,0.01,move_band,2,2025-10-02,2025-12-12,2025-12-15,2026-01-08,93,0.6021505376344086,0.4528001341381623,0.4117347114556417,0.9701880350286822,,0.6857597320196819
market_volume_tfidf,0.1,move_band,2,2025-10-02,2025-12-12,2025-12-15,2026-01-08,93,0.6451612903225806,0.4906941649899396,0.4464060628978383,0.9189175201371683,,0.6799588069721154
market_volume_tfidf,1.0,move_band,2,2025-10-02,2025-12-12,2025-12-15,2026-01-08,93,0.6559139784946236,0.5311032863849765,0.49545659019343224,0.8796022466010202,,0.677053146742092
market_volume_tfidf,10.0,move_band,2,2025-10-02,2025-12-12,2025-12-15,2026-01-08,93,0.6021505376344086,0.3559691482226694,0.3502645502645502,0.9699790019578987,,0.5961287286434371
class_prior,,move_band,3,2025-10-02,2026-01-08,2026-01-09,2026-02-03,89,0.7640449438202247,0.3333333333333333,0.28874734607218683,0.758854054139452,,0.5
market_volume,0.01,move_band,3,2025-10-02,2026-01-08,2026-01-09,2026-02-03,89,0.5955056179775281,0.4660427807486631,0.4022946387857469,0.9990163624303063,,0.6465275974955796
market_volume,0.1,move_band,3,2025-10-02,2026-01-08,2026-01-09,2026-02-03,89,0.6067415730337079,0.4709447415329769,0.40893133104884766,0.9835576610339941,,0.6430842137096792
market_volume,1.0,move_band,3,2025-10-02,2026-01-08,2026-01-09,2026-02-03,89,0.6067415730337079,0.44554367201426026,0.39992257065427794,0.9711124587328165,,0.644684760098014
market_volume,10.0,move_band,3,2025-10-02,2026-01-08,2026-01-09,2026-02-03,89,0.6067415730337079,0.44554367201426026,0.3991869918699187,0.9663308137162788,,0.6475527616257326
tfidf_only,0.01,move_band,3,2025-10-02,2026-01-08,2026-01-09,2026-02-03,89,0.48314606741573035,0.39162210338680925,0.3433257819222731,1.0950530096424185,,0.592961911092961
tfidf_only,0.1,move_band,3,2025-10-02,2026-01-08,2026-01-09,2026-02-03,89,0.47191011235955055,0.4151515151515151,0.3535869202535869,1.0744523459647437,,0.5917052708191949
tfidf_only,1.0,move_band,3,2025-10-02,2026-01-08,2026-01-09,2026-02-03,89,0.550561797752809,0.42406417112299466,0.392063492063492,0.9874007529689357,,0.6013148306149051
tfidf_only,10.0,move_band,3,2025-10-02,2026-01-08,2026-01-09,2026-02-03,89,0.5730337078651685,0.38306595365418894,0.3741987179487179,0.8819254735384483,,0.6447776307418899
market_volume_tfidf,0.01,move_band,3,2025-10-02,2026-01-08,2026-01-09,2026-02-03,89,0.5955056179775281,0.4660427807486631,0.4022946387857469,0.9977369808307682,,0.6487369666818662
market_volume_tfidf,0.1,move_band,3,2025-10-02,2026-01-08,2026-01-09,2026-02-03,89,0.6292134831460674,0.5091800356506239,0.4559809375183535,0.9702906121210908,,0.6372304786303297
market_volume_tfidf,1.0,move_band,3,2025-10-02,2026-01-08,2026-01-09,2026-02-03,89,0.6292134831460674,0.4329768270944742,0.41715311325818566,0.8924003225958616,,0.6309453060383813
market_volume_tfidf,10.0,move_band,3,2025-10-02,2026-01-08,2026-01-09,2026-02-03,89,0.7078651685393258,0.4672905525846702,0.46875982258233506,0.848274786938637,,0.641495465732249
class_prior,,move_band,4,2025-10-02,2026-02-03,2026-02-04,2026-02-27,95,0.6,0.3333333333333333,0.25,0.9549345273179062,,0.5
market_volume,0.01,move_band,4,2025-10-02,2026-02-03,2026-02-04,2026-02-27,95,0.5157894736842106,0.4256335282651072,0.4244631185807657,1.0574320889948674,,0.6089998174596513
market_volume,0.1,move_band,4,2025-10-02,2026-02-03,2026-02-04,2026-02-27,95,0.5052631578947369,0.41978557504873293,0.41669515669515667,1.0968332598669888,,0.6085948150546489
market_volume,1.0,move_band,4,2025-10-02,2026-02-03,2026-02-04,2026-02-27,95,0.4842105263157895,0.3954191033138401,0.3915165165165165,1.0995108855240647,,0.6324899329663872
market_volume,10.0,move_band,4,2025-10-02,2026-02-03,2026-02-04,2026-02-27,95,0.49473684210526314,0.4012670565302144,0.39803764730976376,1.09706903068618,,0.6447067589228255
tfidf_only,0.01,move_band,4,2025-10-02,2026-02-03,2026-02-04,2026-02-27,95,0.4631578947368421,0.3982456140350877,0.3959183673469388,1.0948305526671784,,0.6016599766295057
tfidf_only,0.1,move_band,4,2025-10-02,2026-02-03,2026-02-04,2026-02-27,95,0.4421052631578947,0.4118908382066277,0.3964708702948933,1.0788594144658057,,0.5906295936545244
tfidf_only,1.0,move_band,4,2025-10-02,2026-02-03,2026-02-04,2026-02-27,95,0.43157894736842106,0.39707602339181286,0.37807045150379404,1.0662550774823996,,0.5572257890872849
tfidf_only,10.0,move_band,4,2025-10-02,2026-02-03,2026-02-04,2026-02-27,95,0.4105263157894737,0.32387914230019493,0.3212121212121212,1.2080646388223255,,0.5004389655691595
market_volume_tfidf,0.01,move_band,4,2025-10-02,2026-02-03,2026-02-04,2026-02-27,95,0.5157894736842106,0.4256335282651072,0.4244631185807657,1.0567829995716267,,0.6116125054795415
market_volume_tfidf,0.1,move_band,4,2025-10-02,2026-02-03,2026-02-04,2026-02-27,95,0.49473684210526314,0.4157894736842105,0.4134330277844403,1.087757161781545,,0.619641205619045
market_volume_tfidf,1.0,move_band,4,2025-10-02,2026-02-03,2026-02-04,2026-02-27,95,0.5368421052631579,0.4537037037037037,0.4443255314518919,1.06046097787214,,0.637564783836252
market_volume_tfidf,10.0,move_band,4,2025-10-02,2026-02-03,2026-02-04,2026-02-27,95,0.5368421052631579,0.4175438596491228,0.421181512090603,1.1608144457598637,,0.6098387062819196
