coverage_date_utc,ticker,coverage_state
2025-09-05,NVDA,outside_collected_date_range
2025-09-05,AMD,outside_collected_date_range
2025-09-05,TSM,outside_collected_date_range
2025-09-05,MU,outside_collected_date_range
2025-09-05,AVGO,outside_collected_date_range
2025-09-05,MSFT,outside_collected_date_range
2025-09-05,AMZN,outside_collected_date_range
2025-09-05,GOOGL,outside_collected_date_range
2025-09-05,META,outside_collected_date_range
2025-09-06,NVDA,outside_collected_date_range
2025-09-06,AMD,outside_collected_date_range
2025-09-06,TSM,outside_collected_date_range
2025-09-06,MU,outside_collected_date_range
2025-09-06,AVGO,outside_collected_date_range
2025-09-06,MSFT,outside_collected_date_range
2025-09-06,AMZN,outside_collected_date_range
2025-09-06,GOOGL,outside_collected_date_range
2025-09-06,META,outside_collected_date_range
2025-09-07,NVDA,outside_collected_date_range
2025-09-07,AMD,outside_collected_date_range
2025-09-07,TSM,outside_collected_date_range
2025-09-07,MU,outside_collected_date_range
2025-09-07,AVGO,outside_collected_date_range
2025-09-07,MSFT,outside_collected_date_range
2025-09-07,AMZN,outside_collected_date_range
2025-09-07,GOOGL,outside_collected_date_range
2025-09-07,META,outside_collected_date_range
2025-09-08,NVDA,outside_collected_date_range
2025-09-08,AMD,outside_collected_date_range
2025-09-08,TSM,outside_collected_date_range
2025-09-08,MU,outside_collected_date_range
2025-09-08,AVGO,outside_collected_date_range
2025-09-08,MSFT,outside_collected_date_range
2025-09-08,AMZN,outside_collected_date_range
2025-09-08,GOOGL,outside_collected_date_range
2025-09-08,META,outside_collected_date_range
2025-09-09,NVDA,outside_collected_date_range
2025-09-09,AMD,outside_collected_date_range
2025-09-09,TSM,outside_collected_date_range
2025-09-09,MU,outside_collected_date_range
2025-09-09,AVGO,outside_collected_date_range
2025-09-09,MSFT,outside_collected_date_range
2025-09-09,AMZN,outside_collected_date_range
2025-09-09,GOOGL,outside_collected_date_range
2025-09-09,META,outside_collected_date_range
2025-09-10,NVDA,outside_collected_date_range
2025-09-10,AMD,outside_collected_date_range
2025-09-10,TSM,outside_collected_date_range
2025-09-10,MU,outside_collected_date_range
2025-09-10,AVGO,outside_collected_date_range
2025-09-10,MSFT,outside_collected_date_range
2025-09-10,AMZN,outside_collected_date_range
2025-09-10,GOOGL,outside_collected_date_range
2025-09-10,META,outside_collected_date_range
2025-09-11,NVDA,outside_collected_date_range
2025-09-11,AMD,outside_collected_date_range
2025-09-11,TSM,outside_collected_date_range
2025-09-11,MU,outside_collected_date_range
2025-09-11,AVGO,outside_collected_date_range
2025-09-11,MSFT,outside_collected_date_range
2025-09-11,AMZN,outside_collected_date_range
2025-09-11,GOOGL,outside_collected_date_range
2025-09-11,META,outside_collected_date_range
2025-09-12,NVDA,outside_collected_date_range
2025-09-12,AMD,outside_collected_date_range
2025-09-12,TSM,outside_collected_date_range
2025-09-12,MU,outside_collected_date_range
2025-09-12,AVGO,outside_collected_date_range
2025-09-12,MSFT,outside_collected_date_range
2025-09-12,AMZN,outside_collected_date_range
2025-09-12,GOOGL,outside_collected_date_range
2025-09-12,META,outside_collected_date_range
2025-09-13,NVDA,outside_collected_date_range
2025-09-13,AMD,outside_collected_date_range
2025-09-13,TSM,outside_collected_date_range
2025-09-13,MU,outside_collected_date_range
2025-09-13,AVGO,outside_collected_date_range
2025-09-13,MSFT,outside_collected_date_range
2025-09-13,AMZN,outside_collected_date_range
2025-09-13,GOOGL,outside_collected_date_range
2025-09-13,META,outside_collected_date_range
2025-09-14,NVDA,outside_collected_date_range
2025-09-14,AMD,outside_collected_date_range
2025-09-14,TSM,outside_collected_date_range
2025-09-14,MU,outside_collected_date_range
2025-09-14,AVGO,outside_collected_date_range
2025-09-14,MSFT,outside_collected_date_range
2025-09-14,AMZN,outside_collected_date_range
2025-09-14,GOOGL,outside_collected_date_range
2025-09-14,META,outside_collected_date_range
2025-09-15,NVDA,outside_collected_date_range
2025-09-15,AMD,outside_collected_date_range
2025-09-15,TSM,outside_collected_date_range
2025-09-15,MU,outside_collected_date_range
2025-09-15,AVGO,outside_collected_date_range
2025-09-15,MSFT,outside_collected_date_range
2025-09-15,AMZN,outside_collected_date_range
2025-09-15,GOOGL,outside_collected_date_range
2025-09-15,META,outside_collected_date_range
2025-09-16,NVDA,outside_collected_date_range
2025-09-16,AMD,outside_collected_date_range
2025-09-16,TSM,outside_collected_date_range
2025-09-16,MU,outside_collected_date_range
2025-09-16,AVGO,outside_collected_date_range
2025-09-16,MSFT,outside_collected_date_range
2025-09-16,AMZN,outside_collected_date_range
2025-09-16,GOOGL,outside_collected_date_range
2025-09-16,META,outside_collected_date_range
2025-09-17,NVDA,outside_collected_date_range
2025-09-17,AMD,outside_collected_date_range
2025-09-17,TSM,outside_collected_date_range
2025-09-17,MU,outside_collected_date_range
2025-09-17,AVGO,outside_collected_date_range
2025-09-17,MSFT,outside_collected_date_range
2025-09-17,AMZN,outside_collected_date_range
2025-09-17,GOOGL,outside_collected_date_range
2025-09-17,META,outside_collected_date_range
2025-09-18,NVDA,outside_collected_date_range
2025-09-18,AMD,outside_collected_date_range
2025-09-18,TSM,outside_collected_date_range
2025-09-18,MU,outside_collected_date_range
2025-09-18,AVGO,outside_collected_date_range
2025-09-18,MSFT,outside_collected_date_range
2025-09-18,AMZN,outside_collected_date_range
2025-09-18,GOOGL,outside_collected_date_range
2025-09-18,META,outside_collected_date_range
2025-09-19,NVDA,outside_collected_date_range
2025-09-19,AMD,outside_collected_date_range
2025-09-19,TSM,outside_collected_date_range
2025-09-19,MU,outside_collected_date_range
2025-09-19,AVGO,outside_collected_date_range
2025-09-19,MSFT,outside_collected_date_range
2025-09-19,AMZN,outside_collected_date_range
2025-09-19,GOOGL,outside_collected_date_range
2025-09-19,META,outside_collected_date_range
2025-09-20,NVDA,outside_collected_date_range
2025-09-20,AMD,outside_collected_date_range
2025-09-20,TSM,outside_collected_date_range
2025-09-20,MU,outside_collected_date_range
2025-09-20,AVGO,outside_collected_date_range
2025-09-20,MSFT,outside_collected_date_range
2025-09-20,AMZN,outside_collected_date_range
2025-09-20,GOOGL,outside_collected_date_range
2025-09-20,META,outside_collected_date_range
2025-09-21,NVDA,outside_collected_date_range
2025-09-21,AMD,outside_collected_date_range
2025-09-21,TSM,outside_collected_date_range
2025-09-21,MU,outside_collected_date_range
2025-09-21,AVGO,outside_collected_date_range
2025-09-21,MSFT,outside_collected_date_range
2025-09-21,AMZN,outside_collected_date_range
2025-09-21,GOOGL,outside_collected_date_range
2025-09-21,META,outside_collected_date_range
2025-09-22,NVDA,outside_collected_date_range
2025-09-22,AMD,outside_collected_date_range
2025-09-22,TSM,outside_collected_date_range
2025-09-22,MU,outside_collected_date_range
2025-09-22,AVGO,outside_collected_date_range
2025-09-22,MSFT,outside_collected_date_range
2025-09-22,AMZN,outside_collected_date_range
2025-09-22,GOOGL,outside_collected_date_range
2025-09-22,META,outside_collected_date_range
2025-09-23,NVDA,outside_collected_date_range
2025-09-23,AMD,outside_collected_date_range
2025-09-23,TSM,outside_collected_date_range
2025-09-23,MU,outside_collected_date_range
2025-09-23,AVGO,outside_collected_date_range
2025-09-23,MSFT,outside_collected_date_range
2025-09-23,AMZN,outside_collected_date_range
2025-09-23,GOOGL,outside_collected_date_range
2025-09-23,META,outside_collected_date_range
2025-09-24,NVDA,outside_collected_date_range
2025-09-24,AMD,outside_collected_date_range
2025-09-24,TSM,outside_collected_date_range
2025-09-24,MU,outside_collected_date_range
2025-09-24,AVGO,outside_collected_date_range
2025-09-24,MSFT,outside_collected_date_range
2025-09-24,AMZN,outside_collected_date_range
2025-09-24,GOOGL,outside_collected_date_range
2025-09-24,META,outside_collected_date_range
2025-09-25,NVDA,outside_collected_date_range
2025-09-25,AMD,outside_collected_date_range
2025-09-25,TSM,outside_collected_date_range
2025-09-25,MU,outside_collected_date_range
2025-09-25,AVGO,outside_collected_date_range
2025-09-25,MSFT,outside_collected_date_range
2025-09-25,AMZN,outside_collected_date_range
2025-09-25,GOOGL,outside_collected_date_range
2025-09-25,META,outside_collected_date_range
2025-09-26,NVDA,outside_collected_date_range
2025-09-26,AMD,outside_collected_date_range
2025-09-26,TSM,outside_collected_date_range
2025-09-26,MU,outside_collected_date_range
2025-09-26,AVGO,outside_collected_date_range
2025-09-26,MSFT,outside_collected_date_range
2025-09-26,AMZN,outside_collected_date_range
2025-09-26,GOOGL,outside_collected_date_range
2025-09-26,META,outside_collected_date_range
2025-09-27,NVDA,outside_collected_date_range
2025-09-27,AMD,outside_collected_date_range
2025-09-27,TSM,outside_collected_date_range
2025-09-27,MU,outside_collected_date_range
2025-09-27,AVGO,outside_collected_date_range
2025-09-27,MSFT,outside_collected_date_range
2025-09-27,AMZN,outside_collected_date_range
2025-09-27,GOOGL,outside_collected_date_range
2025-09-27,META,outside_collected_date_range
2025-09-28,NVDA,outside_collected_date_range
2025-09-28,AMD,outside_collected_date_range
2025-09-28,TSM,outside_collected_date_range
2025-09-28,MU,outside_collected_date_range
2025-09-28,AVGO,outside_collected_date_range
2025-09-28,MSFT,outside_collected_date_range
2025-09-28,AMZN,outside_collected_date_range
2025-09-28,GOOGL,outside_collected_date_range
2025-09-28,META,outside_collected_date_range
2025-09-29,NVDA,outside_collected_date_range
2025-09-29,AMD,outside_collected_date_range
2025-09-29,TSM,outside_collected_date_range
2025-09-29,MU,outside_collected_date_range
2025-09-29,AVGO,outside_collected_date_range
2025-09-29,MSFT,outside_collected_date_range
2025-09-29,AMZN,outside_collected_date_range
2025-09-29,GOOGL,outside_collected_date_range
2025-09-29,META,outside_collected_date_range
2025-09-30,NVDA,outside_collected_date_range
2025-09-30,AMD,outside_collected_date_range
2025-09-30,TSM,outside_collected_date_range
2025-09-30,MU,outside_collected_date_range
2025-09-30,AVGO,outside_collected_date_range
2025-09-30,MSFT,outside_collected_date_range
2025-09-30,AMZN,outside_collected_date_range
2025-09-30,GOOGL,outside_collected_date_range
2025-09-30,META,outside_collected_date_range
2025-10-01,NVDA,success
2025-10-01,AMD,success
2025-10-01,TSM,success
2025-10-01,MU,success
2025-10-01,AVGO,success
2025-10-01,MSFT,success
2025-10-01,AMZN,success
2025-10-01,GOOGL,success
2025-10-01,META,success
2025-10-02,NVDA,success
2025-10-02,AMD,success
2025-10-02,TSM,success
2025-10-02,MU,success
2025-10-02,AVGO,success
2025-10-02,MSFT,success
2025-10-02,AMZN,success
2025-10-02,GOOGL,success
2025-10-02,META,success
2025-10-03,NVDA,success
2025-10-03,AMD,success
2025-10-03,TSM,success
2025-10-03,MU,success
2025-10-03,AVGO,success
2025-10-03,MSFT,success
2025-10-03,AMZN,success
2025-10-03,GOOGL,success
2025-10-03,META,success
2025-10-04,NVDA,success
2025-10-04,AMD,success
2025-10-04,TSM,success
2025-10-04,MU,success
2025-10-04,AVGO,success
2025-10-04,MSFT,success
2025-10-04,AMZN,success
2025-10-04,GOOGL,success
2025-10-04,META,success
2025-10-05,NVDA,success
2025-10-05,AMD,success
2025-10-05,TSM,success
2025-10-05,MU,success
2025-10-05,AVGO,success
2025-10-05,MSFT,success
2025-10-05,AMZN,success
2025-10-05,GOOGL,success
2025-10-05,META,success
2025-10-06,NVDA,success
2025-10-06,AMD,success
2025-10-06,TSM,success
2025-10-06,MU,success
2025-10-06,AVGO,success
2025-10-06,MSFT,success
2025-10-06,AMZN,success
2025-10-06,GOOGL,success
2025-10-06,META,success
2025-10-07,NVDA,success
2025-10-07,AMD,success
2025-10-07,TSM,success
2025-10-07,MU,success
2025-10-07,AVGO,success
2025-10-07,MSFT,success
2025-10-07,AMZN,success
2025-10-07,GOOGL,success
2025-10-07,META,success
2025-10-08,NVDA,success
2025-10-08,AMD,success
2025-10-08,TSM,success
2025-10-08,MU,success
2025-10-08,AVGO,success
2025-10-08,MSFT,success
2025-10-08,AMZN,success
2025-10-08,GOOGL,success
2025-10-08,META,success
2025-10-09,NVDA,success
2025-10-09,AMD,success
2025-10-09,TSM,success
2025-10-09,MU,success
2025-10-09,AVGO,success
2025-10-09,MSFT,success
2025-10-09,AMZN,success
2025-10-09,GOOGL,success
2025-10-09,META,success
2025-10-10,NVDA,success
2025-10-10,AMD,success
2025-10-10,TSM,success
2025-10-10,MU,success
2025-10-10,AVGO,success
2025-10-10,MSFT,success
2025-10-10,AMZN,success
2025-10-10,GOOGL,success
2025-10-10,META,success
2025-10-11,NVDA,success
2025-10-11,AMD,success
2025-10-11,TSM,success
2025-10-11,MU,success
2025-10-11,AVGO,success
2025-10-11,MSFT,success
2025-10-11,AMZN,success
2025-10-11,GOOGL,success
2025-10-11,META,success
2025-10-12,NVDA,success
2025-10-12,AMD,success
2025-10-12,TSM,success
2025-10-12,MU,success
2025-10-12,AVGO,success
2025-10-12,MSFT,success
2025-10-12,AMZN,success
2025-10-12,GOOGL,success
2025-10-12,META,success
2025-10-13,NVDA,success
2025-10-13,AMD,success
2025-10-13,TSM,success
2025-10-13,MU,success
2025-10-13,AVGO,success
2025-10-13,MSFT,success
2025-10-13,AMZN,success
2025-10-13,GOOGL,success
2025-10-13,META,success
2025-10-14,NVDA,success
2025-10-14,AMD,success
2025-10-14,TSM,success
2025-10-14,MU,success
2025-10-14,AVGO,success
2025-10-14,MSFT,success
2025-10-14,AMZN,success
2025-10-14,GOOGL,success
2025-10-14,META,success
2025-10-15,NVDA,success
2025-10-15,AMD,success
2025-10-15,TSM,success
2025-10-15,MU,success
2025-10-15,AVGO,success
2025-10-15,MSFT,success
2025-10-15,AMZN,success
2025-10-15,GOOGL,success
2025-10-15,META,success
2025-10-16,NVDA,success
2025-10-16,AMD,success
2025-10-16,TSM,success
2025-10-16,MU,success
2025-10-16,AVGO,success
2025-10-16,MSFT,success
2025-10-16,AMZN,success
2025-10-16,GOOGL,success
2025-10-16,META,success
2025-10-17,NVDA,success
2025-10-17,AMD,success
2025-10-17,TSM,success
2025-10-17,MU,success
2025-10-17,AVGO,success
2025-10-17,MSFT,success
2025-10-17,AMZN,success
2025-10-17,GOOGL,success
2025-10-17,META,success
2025-10-18,NVDA,success
2025-10-18,AMD,success
2025-10-18,TSM,success
2025-10-18,MU,success
2025-10-18,AVGO,success
2025-10-18,MSFT,success
2025-10-18,AMZN,success
2025-10-18,GOOGL,success
2025-10-18,META,success
2025-10-19,NVDA,success
2025-10-19,AMD,success
2025-10-19,TSM,success
2025-10-19,MU,success
2025-10-19,AVGO,success
2025-10-19,MSFT,success
2025-10-19,AMZN,success
2025-10-19,GOOGL,success
2025-10-19,META,success
2025-10-20,NVDA,success
2025-10-20,AMD,success
2025-10-20,TSM,success
2025-10-20,MU,success
2025-10-20,AVGO,success
2025-10-20,MSFT,success
2025-10-20,AMZN,success
2025-10-20,GOOGL,success
2025-10-20,META,success
2025-10-21,NVDA,success
2025-10-21,AMD,success
2025-10-21,TSM,success
2025-10-21,MU,success
2025-10-21,AVGO,success
2025-10-21,MSFT,success
2025-10-21,AMZN,success
2025-10-21,GOOGL,success
2025-10-21,META,success
2025-10-22,NVDA,success
2025-10-22,AMD,success
2025-10-22,TSM,success
2025-10-22,MU,success
2025-10-22,AVGO,success
2025-10-22,MSFT,success
2025-10-22,AMZN,success
2025-10-22,GOOGL,success
2025-10-22,META,success
2025-10-23,NVDA,success
2025-10-23,AMD,success
2025-10-23,TSM,success
2025-10-23,MU,success
2025-10-23,AVGO,success
2025-10-23,MSFT,success
2025-10-23,AMZN,success
2025-10-23,GOOGL,success
2025-10-23,META,success
2025-10-24,NVDA,success
2025-10-24,AMD,success
2025-10-24,TSM,success
2025-10-24,MU,success
2025-10-24,AVGO,success
2025-10-24,MSFT,success
2025-10-24,AMZN,success
2025-10-24,GOOGL,success
2025-10-24,META,success
2025-10-25,NVDA,success
2025-10-25,AMD,success
2025-10-25,TSM,success
2025-10-25,MU,success
2025-10-25,AVGO,success
2025-10-25,MSFT,success
2025-10-25,AMZN,success
2025-10-25,GOOGL,success
2025-10-25,META,success
2025-10-26,NVDA,success
2025-10-26,AMD,success
2025-10-26,TSM,success
2025-10-26,MU,success
2025-10-26,AVGO,success
2025-10-26,MSFT,success
2025-10-26,AMZN,success
2025-10-26,GOOGL,success
2025-10-26,META,success
2025-10-27,NVDA,success
2025-10-27,AMD,success
2025-10-27,TSM,success
2025-10-27,MU,success
2025-10-27,AVGO,success
2025-10-27,MSFT,success
2025-10-27,AMZN,success
2025-10-27,GOOGL,success
2025-10-27,META,success
2025-10-28,NVDA,success
2025-10-28,AMD,success
2025-10-28,TSM,success
2025-10-28,MU,success
2025-10-28,AVGO,success
2025-10-28,MSFT,success
2025-10-28,AMZN,success
2025-10-28,GOOGL,success
2025-10-28,META,success
2025-10-29,NVDA,success
2025-10-29,AMD,success
2025-10-29,TSM,success
2025-10-29,MU,success
2025-10-29,AVGO,success
2025-10-29,MSFT,success
2025-10-29,AMZN,success
2025-10-29,GOOGL,success
2025-10-29,META,success
2025-10-30,NVDA,success
2025-10-30,AMD,success
2025-10-30,TSM,success
2025-10-30,MU,success
2025-10-30,AVGO,success
2025-10-30,MSFT,success
2025-10-30,AMZN,success
2025-10-30,GOOGL,success
2025-10-30,META,success
2025-10-31,NVDA,success
2025-10-31,AMD,success
2025-10-31,TSM,success
2025-10-31,MU,success
2025-10-31,AVGO,success
2025-10-31,MSFT,success
2025-10-31,AMZN,success
2025-10-31,GOOGL,success
2025-10-31,META,success
2025-11-01,NVDA,success
2025-11-01,AMD,success
2025-11-01,TSM,success
2025-11-01,MU,success
2025-11-01,AVGO,success
2025-11-01,MSFT,success
2025-11-01,AMZN,success
2025-11-01,GOOGL,success
2025-11-01,META,success
2025-11-02,NVDA,success
2025-11-02,AMD,success
2025-11-02,TSM,success
2025-11-02,MU,success
2025-11-02,AVGO,success
2025-11-02,MSFT,success
2025-11-02,AMZN,success
2025-11-02,GOOGL,success
2025-11-02,META,success
2025-11-03,NVDA,success
2025-11-03,AMD,success
2025-11-03,TSM,success
2025-11-03,MU,success
2025-11-03,AVGO,success
2025-11-03,MSFT,success
2025-11-03,AMZN,success
2025-11-03,GOOGL,success
2025-11-03,META,success
2025-11-04,NVDA,success
2025-11-04,AMD,success
2025-11-04,TSM,success
2025-11-04,MU,success
2025-11-04,AVGO,success
2025-11-04,MSFT,success
2025-11-04,AMZN,success
2025-11-04,GOOGL,success
2025-11-04,META,success
2025-11-05,NVDA,success
2025-11-05,AMD,success
2025-11-05,TSM,success
2025-11-05,MU,success
2025-11-05,AVGO,success
2025-11-05,MSFT,success
2025-11-05,AMZN,success
2025-11-05,GOOGL,success
2025-11-05,META,success
2025-11-06,NVDA,success
2025-11-06,AMD,success
2025-11-06,TSM,success
2025-11-06,MU,success
2025-11-06,AVGO,success
2025-11-06,MSFT,success
2025-11-06,AMZN,success
2025-11-06,GOOGL,success
2025-11-06,META,success
2025-11-07,NVDA,success
2025-11-07,AMD,success
2025-11-07,TSM,success
2025-11-07,MU,success
2025-11-07,AVGO,success
2025-11-07,MSFT,success
2025-11-07,AMZN,success
2025-11-07,GOOGL,success
2025-11-07,META,success
2025-11-08,NVDA,success
2025-11-08,AMD,success
2025-11-08,TSM,success
2025-11-08,MU,success
2025-11-08,AVGO,success
2025-11-08,MSFT,success
2025-11-08,AMZN,success
2025-11-08,GOOGL,success
2025-11-08,META,success
2025-11-09,NVDA,success
2025-11-09,AMD,success
2025-11-09,TSM,success
2025-11-09,MU,success
2025-11-09,AVGO,success
2025-11-09,MSFT,success
2025-11-09,AMZN,success
2025-11-09,GOOGL,success
2025-11-09,META,success
2025-11-10,NVDA,success
2025-11-10,AMD,success
2025-11-10,TSM,success
2025-11-10,MU,success
2025-11-10,AVGO,success
2025-11-10,MSFT,success
2025-11-10,AMZN,success
2025-11-10,GOOGL,success
2025-11-10,META,success
2025-11-11,NVDA,success
2025-11-11,AMD,success
2025-11-11,TSM,success
2025-11-11,MU,success
2025-11-11,AVGO,success
2025-11-11,MSFT,success
2025-11-11,AMZN,success
2025-11-11,GOOGL,success
2025-11-11,META,success
2025-11-12,NVDA,success
2025-11-12,AMD,success
2025-11-12,TSM,success
2025-11-12,MU,success
2025-11-12,AVGO,success
2025-11-12,MSFT,success
2025-11-12,AMZN,success
2025-11-12,GOOGL,success
2025-11-12,META,success
2025-11-13,NVDA,success
2025-11-13,AMD,success
2025-11-13,TSM,success
2025-11-13,MU,success
2025-11-13,AVGO,success
2025-11-13,MSFT,success
2025-11-13,AMZN,success
2025-11-13,GOOGL,success
2025-11-13,META,success
2025-11-14,NVDA,success
2025-11-14,AMD,success
2025-11-14,TSM,success
2025-11-14,MU,success
2025-11-14,AVGO,success
2025-11-14,MSFT,success
2025-11-14,AMZN,success
2025-11-14,GOOGL,success
2025-11-14,META,success
2025-11-15,NVDA,success
2025-11-15,AMD,success
2025-11-15,TSM,success
2025-11-15,MU,success
2025-11-15,AVGO,success
2025-11-15,MSFT,success
2025-11-15,AMZN,success
2025-11-15,GOOGL,success
2025-11-15,META,success
2025-11-16,NVDA,success
2025-11-16,AMD,success
2025-11-16,TSM,success
2025-11-16,MU,success
2025-11-16,AVGO,success
2025-11-16,MSFT,success
2025-11-16,AMZN,success
2025-11-16,GOOGL,success
2025-11-16,META,success
2025-11-17,NVDA,success
2025-11-17,AMD,success
2025-11-17,TSM,success
2025-11-17,MU,success
2025-11-17,AVGO,success
2025-11-17,MSFT,success
2025-11-17,AMZN,success
2025-11-17,GOOGL,success
2025-11-17,META,success
2025-11-18,NVDA,success
2025-11-18,AMD,success
2025-11-18,TSM,success
2025-11-18,MU,success
2025-11-18,AVGO,success
2025-11-18,MSFT,success
2025-11-18,AMZN,success
2025-11-18,GOOGL,success
2025-11-18,META,success
2025-11-19,NVDA,success
2025-11-19,AMD,success
2025-11-19,TSM,success
2025-11-19,MU,success
2025-11-19,AVGO,success
2025-11-19,MSFT,success
2025-11-19,AMZN,success
2025-11-19,GOOGL,success
2025-11-19,META,success
2025-11-20,NVDA,success
2025-11-20,AMD,success
2025-11-20,TSM,success
2025-11-20,MU,success
2025-11-20,AVGO,success
2025-11-20,MSFT,success
2025-11-20,AMZN,success
2025-11-20,GOOGL,success
2025-11-20,META,success
2025-11-21,NVDA,success
2025-11-21,AMD,success
2025-11-21,TSM,success
2025-11-21,MU,success
2025-11-21,AVGO,success
2025-11-21,MSFT,success
2025-11-21,AMZN,success
2025-11-21,GOOGL,success
2025-11-21,META,success
2025-11-22,NVDA,success
2025-11-22,AMD,success
2025-11-22,TSM,success
2025-11-22,MU,success
2025-11-22,AVGO,success
2025-11-22,MSFT,success
2025-11-22,AMZN,success
2025-11-22,GOOGL,success
2025-11-22,META,success
2025-11-23,NVDA,success
2025-11-23,AMD,success
2025-11-23,TSM,success
2025-11-23,MU,success
2025-11-23,AVGO,success
2025-11-23,MSFT,success
2025-11-23,AMZN,success
2025-11-23,GOOGL,success
2025-11-23,META,success
2025-11-24,NVDA,success
2025-11-24,AMD,success
2025-11-24,TSM,success
2025-11-24,MU,success
2025-11-24,AVGO,success
2025-11-24,MSFT,success
2025-11-24,AMZN,success
2025-11-24,GOOGL,success
2025-11-24,META,success
2025-11-25,NVDA,success
2025-11-25,AMD,success
2025-11-25,TSM,success
2025-11-25,MU,success
2025-11-25,AVGO,success
2025-11-25,MSFT,success
2025-11-25,AMZN,success
2025-11-25,GOOGL,success
2025-11-25,META,success
2025-11-26,NVDA,success
2025-11-26,AMD,success
2025-11-26,TSM,success
2025-11-26,MU,success
2025-11-26,AVGO,success
2025-11-26,MSFT,success
2025-11-26,AMZN,success
2025-11-26,GOOGL,success
2025-11-26,META,success
2025-11-27,NVDA,success
2025-11-27,AMD,success
2025-11-27,TSM,success
2025-11-27,MU,success
2025-11-27,AVGO,success
2025-11-27,MSFT,success
2025-11-27,AMZN,success
2025-11-27,GOOGL,success
2025-11-27,META,success
2025-11-28,NVDA,success
2025-11-28,AMD,success
2025-11-28,TSM,success
2025-11-28,MU,success
2025-11-28,AVGO,success
2025-11-28,MSFT,success
2025-11-28,AMZN,success
2025-11-28,GOOGL,success
2025-11-28,META,success
2025-11-29,NVDA,success
2025-11-29,AMD,success
2025-11-29,TSM,success
2025-11-29,MU,success
2025-11-29,AVGO,success
2025-11-29,MSFT,success
2025-11-29,AMZN,success
2025-11-29,GOOGL,success
2025-11-29,META,success
2025-11-30,NVDA,success
2025-11-30,AMD,success
2025-11-30,TSM,success
2025-11-30,MU,success
2025-11-30,AVGO,success
2025-11-30,MSFT,success
2025-11-30,AMZN,success
2025-11-30,GOOGL,success
2025-11-30,META,success
2025-12-01,NVDA,success
2025-12-01,AMD,success
2025-12-01,TSM,success
2025-12-01,MU,success
2025-12-01,AVGO,success
2025-12-01,MSFT,success
2025-12-01,AMZN,success
2025-12-01,GOOGL,success
2025-12-01,META,success
2025-12-02,NVDA,success
2025-12-02,AMD,success
2025-12-02,TSM,success
2025-12-02,MU,success
2025-12-02,AVGO,success
2025-12-02,MSFT,success
2025-12-02,AMZN,success
2025-12-02,GOOGL,success
2025-12-02,META,success
2025-12-03,NVDA,success
2025-12-03,AMD,success
2025-12-03,TSM,success
2025-12-03,MU,success
2025-12-03,AVGO,success
2025-12-03,MSFT,success
2025-12-03,AMZN,success
2025-12-03,GOOGL,success
2025-12-03,META,success
2025-12-04,NVDA,success
2025-12-04,AMD,success
2025-12-04,TSM,success
2025-12-04,MU,success
2025-12-04,AVGO,success
2025-12-04,MSFT,success
2025-12-04,AMZN,success
2025-12-04,GOOGL,success
2025-12-04,META,success
2025-12-05,NVDA,success
2025-12-05,AMD,success
2025-12-05,TSM,success
2025-12-05,MU,success
2025-12-05,AVGO,success
2025-12-05,MSFT,success
2025-12-05,AMZN,success
2025-12-05,GOOGL,success
2025-12-05,META,success
2025-12-06,NVDA,success
2025-12-06,AMD,success
2025-12-06,TSM,success
2025-12-06,MU,success
2025-12-06,AVGO,success
2025-12-06,MSFT,success
2025-12-06,AMZN,success
2025-12-06,GOOGL,success
2025-12-06,META,success
2025-12-07,NVDA,success
2025-12-07,AMD,success
2025-12-07,TSM,success
2025-12-07,MU,success
2025-12-07,AVGO,success
2025-12-07,MSFT,success
2025-12-07,AMZN,success
2025-12-07,GOOGL,success
2025-12-07,META,success
2025-12-08,NVDA,success
2025-12-08,AMD,success
2025-12-08,TSM,success
2025-12-08,MU,success
2025-12-08,AVGO,success
2025-12-08,MSFT,success
2025-12-08,AMZN,success
2025-12-08,GOOGL,success
2025-12-08,META,success
2025-12-09,NVDA,success
2025-12-09,AMD,success
2025-12-09,TSM,success
2025-12-09,MU,success
2025-12-09,AVGO,success
2025-12-09,MSFT,success
2025-12-09,AMZN,success
2025-12-09,GOOGL,success
2025-12-09,META,success
2025-12-10,NVDA,success
2025-12-10,AMD,success
2025-12-10,TSM,success
2025-12-10,MU,success
2025-12-10,AVGO,success
2025-12-10,MSFT,success
2025-12-10,AMZN,success
2025-12-10,GOOGL,success
2025-12-10,META,success
2025-12-11,NVDA,success
2025-12-11,AMD,success
2025-12-11,TSM,success
2025-12-11,MU,success
2025-12-11,AVGO,success
2025-12-11,MSFT,success
2025-12-11,AMZN,success
2025-12-11,GOOGL,success
2025-12-11,META,success
2025-12-12,NVDA,success
2025-12-12,AMD,success
2025-12-12,TSM,success
2025-12-12,MU,success
2025-12-12,AVGO,success
2025-12-12,MSFT,success
2025-12-12,AMZN,success
2025-12-12,GOOGL,success
2025-12-12,META,success
2025-12-13,NVDA,success
2025-12-13,AMD,success
2025-12-13,TSM,success
2025-12-13,MU,success
2025-12-13,AVGO,success
2025-12-13,MSFT,success
2025-12-13,AMZN,success
2025-12-13,GOOGL,success
2025-12-13,META,success
2025-12-14,NVDA,success
2025-12-14,AMD,success
2025-12-14,TSM,success
2025-12-14,MU,success
2025-12-14,AVGO,success
2025-12-14,MSFT,success
2025-12-14,AMZN,success
2025-12-14,GOOGL,success
2025-12-14,META,success
2025-12-15,NVDA,success
2025-12-15,AMD,success
2025-12-15,TSM,success
2025-12-15,MU,success
2025-12-15,AVGO,success
2025-12-15,MSFT,success
2025-12-15,AMZN,success
2025-12-15,GOOGL,success
2025-12-15,META,success
2025-12-16,NVDA,success
2025-12-16,AMD,success
2025-12-16,TSM,success
2025-12-16,MU,success
2025-12-16,AVGO,success
2025-12-16,MSFT,success
2025-12-16,AMZN,success
2025-12-16,GOOGL,success
2025-12-16,META,success
2025-12-17,NVDA,success
2025-12-17,AMD,success
2025-12-17,TSM,success
2025-12-17,MU,success
2025-12-17,AVGO,success
2025-12-17,MSFT,success
2025-12-17,AMZN,success
2025-12-17,GOOGL,success
2025-12-17,META,success
2025-12-18,NVDA,success
2025-12-18,AMD,success
2025-12-18,TSM,success
2025-12-18,MU,success
2025-12-18,AVGO,success
2025-12-18,MSFT,success
2025-12-18,AMZN,success
2025-12-18,GOOGL,success
2025-12-18,META,success
2025-12-19,NVDA,success
2025-12-19,AMD,success
2025-12-19,TSM,success
2025-12-19,MU,success
2025-12-19,AVGO,success
2025-12-19,MSFT,success
2025-12-19,AMZN,success
2025-12-19,GOOGL,success
2025-12-19,META,success
2025-12-20,NVDA,success
2025-12-20,AMD,success
2025-12-20,TSM,success
2025-12-20,MU,success
2025-12-20,AVGO,success
2025-12-20,MSFT,success
2025-12-20,AMZN,success
2025-12-20,GOOGL,success
2025-12-20,META,success
2025-12-21,NVDA,success
2025-12-21,AMD,success
2025-12-21,TSM,success
2025-12-21,MU,success
2025-12-21,AVGO,success
2025-12-21,MSFT,success
2025-12-21,AMZN,success
2025-12-21,GOOGL,success
2025-12-21,META,success
2025-12-22,NVDA,success
2025-12-22,AMD,success
2025-12-22,TSM,success
2025-12-22,MU,success
2025-12-22,AVGO,success
2025-12-22,MSFT,success
2025-12-22,AMZN,success
2025-12-22,GOOGL,success
2025-12-22,META,success
2025-12-23,NVDA,success
2025-12-23,AMD,success
2025-12-23,TSM,success
2025-12-23,MU,success
2025-12-23,AVGO,success
2025-12-23,MSFT,success
2025-12-23,AMZN,success
2025-12-23,GOOGL,success
2025-12-23,META,success
2025-12-24,NVDA,success
2025-12-24,AMD,success
2025-12-24,TSM,success
2025-12-24,MU,success
2025-12-24,AVGO,success
2025-12-24,MSFT,success
2025-12-24,AMZN,success
2025-12-24,GOOGL,success
2025-12-24,META,success
2025-12-25,NVDA,success
2025-12-25,AMD,success
2025-12-25,TSM,success
2025-12-25,MU,success
2025-12-25,AVGO,success
2025-12-25,MSFT,success
2025-12-25,AMZN,success
2025-12-25,GOOGL,success
2025-12-25,META,success
2025-12-26,NVDA,success
2025-12-26,AMD,success
2025-12-26,TSM,success
2025-12-26,MU,success
2025-12-26,AVGO,success
2025-12-26,MSFT,success
2025-12-26,AMZN,success
2025-12-26,GOOGL,success
2025-12-26,META,success
2025-12-27,NVDA,success
2025-12-27,AMD,success
2025-12-27,TSM,success
2025-12-27,MU,success
2025-12-27,AVGO,success
2025-12-27,MSFT,success
2025-12-27,AMZN,success
2025-12-27,GOOGL,success
2025-12-27,META,success
2025-12-28,NVDA,success
2025-12-28,AMD,success
2025-12-28,TSM,success
2025-12-28,MU,success
2025-12-28,AVGO,success
2025-12-28,MSFT,success
2025-12-28,AMZN,success
2025-12-28,GOOGL,success
2025-12-28,META,success
2025-12-29,NVDA,success
2025-12-29,AMD,success
2025-12-29,TSM,success
2025-12-29,MU,success
2025-12-29,AVGO,success
2025-12-29,MSFT,success
2025-12-29,AMZN,success
2025-12-29,GOOGL,success
2025-12-29,META,success
2025-12-30,NVDA,success
2025-12-30,AMD,success
2025-12-30,TSM,success
2025-12-30,MU,success
2025-12-30,AVGO,success
2025-12-30,MSFT,success
2025-12-30,AMZN,success
2025-12-30,GOOGL,success
2025-12-30,META,success
2025-12-31,NVDA,success
2025-12-31,AMD,success
2025-12-31,TSM,success
2025-12-31,MU,success
2025-12-31,AVGO,success
2025-12-31,MSFT,success
2025-12-31,AMZN,success
2025-12-31,GOOGL,success
2025-12-31,META,success
2026-01-01,NVDA,success
2026-01-01,AMD,success
2026-01-01,TSM,success
2026-01-01,MU,success
2026-01-01,AVGO,success
2026-01-01,MSFT,success
2026-01-01,AMZN,success
2026-01-01,GOOGL,success
2026-01-01,META,success
2026-01-02,NVDA,success
2026-01-02,AMD,success
2026-01-02,TSM,success
2026-01-02,MU,success
2026-01-02,AVGO,success
2026-01-02,MSFT,success
2026-01-02,AMZN,success
2026-01-02,GOOGL,success
2026-01-02,META,success
2026-01-03,NVDA,success
2026-01-03,AMD,success
2026-01-03,TSM,success
2026-01-03,MU,success
2026-01-03,AVGO,success
2026-01-03,MSFT,success
2026-01-03,AMZN,success
2026-01-03,GOOGL,success
2026-01-03,META,success
2026-01-04,NVDA,success
2026-01-04,AMD,success
2026-01-04,TSM,success
2026-01-04,MU,success
2026-01-04,AVGO,success
2026-01-04,MSFT,success
2026-01-04,AMZN,success
2026-01-04,GOOGL,success
2026-01-04,META,success
2026-01-05,NVDA,success
2026-01-05,AMD,success
2026-01-05,TSM,success
2026-01-05,MU,success
2026-01-05,AVGO,success
2026-01-05,MSFT,success
2026-01-05,AMZN,success
2026-01-05,GOOGL,success
2026-01-05,META,success
2026-01-06,NVDA,success
2026-01-06,AMD,success
2026-01-06,TSM,success
2026-01-06,MU,success
2026-01-06,AVGO,success
2026-01-06,MSFT,success
2026-01-06,AMZN,success
2026-01-06,GOOGL,success
2026-01-06,META,success
2026-01-07,NVDA,success
2026-01-07,AMD,success
2026-01-07,TSM,success
2026-01-07,MU,success
2026-01-07,AVGO,success
2026-01-07,MSFT,success
2026-01-07,AMZN,success
2026-01-07,GOOGL,success
2026-01-07,META,success
2026-01-08,NVDA,success
2026-01-08,AMD,success
2026-01-08,TSM,success
2026-01-08,MU,success
2026-01-08,AVGO,success
2026-01-08,MSFT,success
2026-01-08,AMZN,success
2026-01-08,GOOGL,success
2026-01-08,META,success
2026-01-09,NVDA,success
2026-01-09,AMD,success
2026-01-09,TSM,success
2026-01-09,MU,success
2026-01-09,AVGO,success
2026-01-09,MSFT,success
2026-01-09,AMZN,success
2026-01-09,GOOGL,success
2026-01-09,META,success
2026-01-10,NVDA,success
2026-01-10,AMD,success
2026-01-10,TSM,success
2026-01-10,MU,success
2026-01-10,AVGO,success
2026-01-10,MSFT,success
2026-01-10,AMZN,success
2026-01-10,GOOGL,success
2026-01-10,META,success
2026-01-11,NVDA,success
2026-01-11,AMD,success
2026-01-11,TSM,success
2026-01-11,MU,success
2026-01-11,AVGO,success
2026-01-11,MSFT,success
2026-01-11,AMZN,success
2026-01-11,GOOGL,success
2026-01-11,META,success
2026-01-12,NVDA,success
2026-01-12,AMD,success
2026-01-12,TSM,success
2026-01-12,MU,success
2026-01-12,AVGO,success
2026-01-12,MSFT,success
2026-01-12,AMZN,success
2026-01-12,GOOGL,success
2026-01-12,META,success
2026-01-13,NVDA,success
2026-01-13,AMD,success
2026-01-13,TSM,success
2026-01-13,MU,success
2026-01-13,AVGO,success
2026-01-13,MSFT,success
2026-01-13,AMZN,success
2026-01-13,GOOGL,success
2026-01-13,META,success
2026-01-14,NVDA,success
2026-01-14,AMD,success
2026-01-14,TSM,success
2026-01-14,MU,success
2026-01-14,AVGO,success
2026-01-14,MSFT,success
2026-01-14,AMZN,success
2026-01-14,GOOGL,success
2026-01-14,META,success
2026-01-15,NVDA,success
2026-01-15,AMD,success
2026-01-15,TSM,success
2026-01-15,MU,success
2026-01-15,AVGO,success
2026-01-15,MSFT,success
2026-01-15,AMZN,success
2026-01-15,GOOGL,success
2026-01-15,META,success
2026-01-16,NVDA,success
2026-01-16,AMD,success
2026-01-16,TSM,success
2026-01-16,MU,success
2026-01-16,AVGO,success
2026-01-16,MSFT,success
2026-01-16,AMZN,success
2026-01-16,GOOGL,success
2026-01-16,META,success
2026-01-17,NVDA,success
2026-01-17,AMD,success
2026-01-17,TSM,success
2026-01-17,MU,success
2026-01-17,AVGO,success
2026-01-17,MSFT,success
2026-01-17,AMZN,success
2026-01-17,GOOGL,success
2026-01-17,META,success
2026-01-18,NVDA,success
2026-01-18,AMD,success
2026-01-18,TSM,success
2026-01-18,MU,success
2026-01-18,AVGO,success
2026-01-18,MSFT,success
2026-01-18,AMZN,success
2026-01-18,GOOGL,success
2026-01-18,META,success
2026-01-19,NVDA,success
2026-01-19,AMD,success
2026-01-19,TSM,success
2026-01-19,MU,success
2026-01-19,AVGO,success
2026-01-19,MSFT,success
2026-01-19,AMZN,success
2026-01-19,GOOGL,success
2026-01-19,META,success
2026-01-20,NVDA,success
2026-01-20,AMD,success
2026-01-20,TSM,success
2026-01-20,MU,success
2026-01-20,AVGO,success
2026-01-20,MSFT,success
2026-01-20,AMZN,success
2026-01-20,GOOGL,success
2026-01-20,META,success
2026-01-21,NVDA,success
2026-01-21,AMD,success
2026-01-21,TSM,success
2026-01-21,MU,success
2026-01-21,AVGO,success
2026-01-21,MSFT,success
2026-01-21,AMZN,success
2026-01-21,GOOGL,success
2026-01-21,META,success
2026-01-22,NVDA,success
2026-01-22,AMD,success
2026-01-22,TSM,success
2026-01-22,MU,success
2026-01-22,AVGO,success
2026-01-22,MSFT,success
2026-01-22,AMZN,success
2026-01-22,GOOGL,success
2026-01-22,META,success
2026-01-23,NVDA,success
2026-01-23,AMD,success
2026-01-23,TSM,success
2026-01-23,MU,success
2026-01-23,AVGO,success
2026-01-23,MSFT,success
2026-01-23,AMZN,success
2026-01-23,GOOGL,success
2026-01-23,META,success
2026-01-24,NVDA,success
2026-01-24,AMD,success
2026-01-24,TSM,success
2026-01-24,MU,success
2026-01-24,AVGO,success
2026-01-24,MSFT,success
2026-01-24,AMZN,success
2026-01-24,GOOGL,success
2026-01-24,META,success
2026-01-25,NVDA,success
2026-01-25,AMD,success
2026-01-25,TSM,success
2026-01-25,MU,success
2026-01-25,AVGO,success
2026-01-25,MSFT,success
2026-01-25,AMZN,success
2026-01-25,GOOGL,success
2026-01-25,META,success
2026-01-26,NVDA,success
2026-01-26,AMD,success
2026-01-26,TSM,success
2026-01-26,MU,success
2026-01-26,AVGO,success
2026-01-26,MSFT,success
2026-01-26,AMZN,success
2026-01-26,GOOGL,success
2026-01-26,META,success
2026-01-27,NVDA,success
2026-01-27,AMD,success
2026-01-27,TSM,success
2026-01-27,MU,success
2026-01-27,AVGO,success
2026-01-27,MSFT,success
2026-01-27,AMZN,success
2026-01-27,GOOGL,success
2026-01-27,META,success
2026-01-28,NVDA,success
2026-01-28,AMD,success
2026-01-28,TSM,success
2026-01-28,MU,success
2026-01-28,AVGO,success
2026-01-28,MSFT,success
2026-01-28,AMZN,success
2026-01-28,GOOGL,success
2026-01-28,META,success
2026-01-29,NVDA,success
2026-01-29,AMD,success
2026-01-29,TSM,success
2026-01-29,MU,success
2026-01-29,AVGO,success
2026-01-29,MSFT,success
2026-01-29,AMZN,success
2026-01-29,GOOGL,success
2026-01-29,META,success
2026-01-30,NVDA,success
2026-01-30,AMD,success
2026-01-30,TSM,success
2026-01-30,MU,success
2026-01-30,AVGO,success
2026-01-30,MSFT,success
2026-01-30,AMZN,success
2026-01-30,GOOGL,success
2026-01-30,META,success
2026-01-31,NVDA,success
2026-01-31,AMD,success
2026-01-31,TSM,success
2026-01-31,MU,success
2026-01-31,AVGO,success
2026-01-31,MSFT,success
2026-01-31,AMZN,success
2026-01-31,GOOGL,success
2026-01-31,META,success
2026-02-01,NVDA,success
2026-02-01,AMD,success
2026-02-01,TSM,success
2026-02-01,MU,success
2026-02-01,AVGO,success
2026-02-01,MSFT,success
2026-02-01,AMZN,success
2026-02-01,GOOGL,success
2026-02-01,META,success
2026-02-02,NVDA,success
2026-02-02,AMD,success
2026-02-02,TSM,success
2026-02-02,MU,success
2026-02-02,AVGO,success
2026-02-02,MSFT,success
2026-02-02,AMZN,success
2026-02-02,GOOGL,success
2026-02-02,META,success
2026-02-03,NVDA,success
2026-02-03,AMD,success
2026-02-03,TSM,success
2026-02-03,MU,success
2026-02-03,AVGO,success
2026-02-03,MSFT,success
2026-02-03,AMZN,success
2026-02-03,GOOGL,success
2026-02-03,META,success
2026-02-04,NVDA,success
2026-02-04,AMD,success
2026-02-04,TSM,success
2026-02-04,MU,success
2026-02-04,AVGO,success
2026-02-04,MSFT,success
2026-02-04,AMZN,success
2026-02-04,GOOGL,success
2026-02-04,META,success
2026-02-05,NVDA,success
2026-02-05,AMD,success
2026-02-05,TSM,success
2026-02-05,MU,success
2026-02-05,AVGO,success
2026-02-05,MSFT,success
2026-02-05,AMZN,success
2026-02-05,GOOGL,success
2026-02-05,META,success
2026-02-06,NVDA,success
2026-02-06,AMD,success
2026-02-06,TSM,success
2026-02-06,MU,success
2026-02-06,AVGO,success
2026-02-06,MSFT,success
2026-02-06,AMZN,success
2026-02-06,GOOGL,success
2026-02-06,META,success
2026-02-07,NVDA,success
2026-02-07,AMD,success
2026-02-07,TSM,success
2026-02-07,MU,success
2026-02-07,AVGO,success
2026-02-07,MSFT,success
2026-02-07,AMZN,success
2026-02-07,GOOGL,success
2026-02-07,META,success
2026-02-08,NVDA,success
2026-02-08,AMD,success
2026-02-08,TSM,success
2026-02-08,MU,success
2026-02-08,AVGO,success
2026-02-08,MSFT,success
2026-02-08,AMZN,success
2026-02-08,GOOGL,success
2026-02-08,META,success
2026-02-09,NVDA,success
2026-02-09,AMD,success
2026-02-09,TSM,success
2026-02-09,MU,success
2026-02-09,AVGO,success
2026-02-09,MSFT,success
2026-02-09,AMZN,success
2026-02-09,GOOGL,success
2026-02-09,META,success
2026-02-10,NVDA,success
2026-02-10,AMD,success
2026-02-10,TSM,success
2026-02-10,MU,success
2026-02-10,AVGO,success
2026-02-10,MSFT,success
2026-02-10,AMZN,success
2026-02-10,GOOGL,success
2026-02-10,META,success
2026-02-11,NVDA,success
2026-02-11,AMD,success
2026-02-11,TSM,success
2026-02-11,MU,success
2026-02-11,AVGO,success
2026-02-11,MSFT,success
2026-02-11,AMZN,success
2026-02-11,GOOGL,success
2026-02-11,META,success
2026-02-12,NVDA,success
2026-02-12,AMD,success
2026-02-12,TSM,success
2026-02-12,MU,success
2026-02-12,AVGO,success
2026-02-12,MSFT,success
2026-02-12,AMZN,success
2026-02-12,GOOGL,success
2026-02-12,META,success
2026-02-13,NVDA,success
2026-02-13,AMD,success
2026-02-13,TSM,success
2026-02-13,MU,success
2026-02-13,AVGO,success
2026-02-13,MSFT,success
2026-02-13,AMZN,success
2026-02-13,GOOGL,success
2026-02-13,META,success
2026-02-14,NVDA,success
2026-02-14,AMD,success
2026-02-14,TSM,success
2026-02-14,MU,success
2026-02-14,AVGO,success
2026-02-14,MSFT,success
2026-02-14,AMZN,success
2026-02-14,GOOGL,success
2026-02-14,META,success
2026-02-15,NVDA,success
2026-02-15,AMD,success
2026-02-15,TSM,success
2026-02-15,MU,success
2026-02-15,AVGO,success
2026-02-15,MSFT,success
2026-02-15,AMZN,success
2026-02-15,GOOGL,success
2026-02-15,META,success
2026-02-16,NVDA,success
2026-02-16,AMD,success
2026-02-16,TSM,success
2026-02-16,MU,success
2026-02-16,AVGO,success
2026-02-16,MSFT,success
2026-02-16,AMZN,success
2026-02-16,GOOGL,success
2026-02-16,META,success
2026-02-17,NVDA,success
2026-02-17,AMD,success
2026-02-17,TSM,success
2026-02-17,MU,success
2026-02-17,AVGO,success
2026-02-17,MSFT,success
2026-02-17,AMZN,success
2026-02-17,GOOGL,success
2026-02-17,META,success
2026-02-18,NVDA,success
2026-02-18,AMD,success
2026-02-18,TSM,success
2026-02-18,MU,success
2026-02-18,AVGO,success
2026-02-18,MSFT,success
2026-02-18,AMZN,success
2026-02-18,GOOGL,success
2026-02-18,META,success
2026-02-19,NVDA,success
2026-02-19,AMD,success
2026-02-19,TSM,success
2026-02-19,MU,success
2026-02-19,AVGO,success
2026-02-19,MSFT,success
2026-02-19,AMZN,success
2026-02-19,GOOGL,success
2026-02-19,META,success
2026-02-20,NVDA,success
2026-02-20,AMD,success
2026-02-20,TSM,success
2026-02-20,MU,success
2026-02-20,AVGO,success
2026-02-20,MSFT,success
2026-02-20,AMZN,success
2026-02-20,GOOGL,success
2026-02-20,META,success
2026-02-21,NVDA,success
2026-02-21,AMD,success
2026-02-21,TSM,success
2026-02-21,MU,success
2026-02-21,AVGO,success
2026-02-21,MSFT,success
2026-02-21,AMZN,success
2026-02-21,GOOGL,success
2026-02-21,META,success
2026-02-22,NVDA,success
2026-02-22,AMD,success
2026-02-22,TSM,success
2026-02-22,MU,success
2026-02-22,AVGO,success
2026-02-22,MSFT,success
2026-02-22,AMZN,success
2026-02-22,GOOGL,success
2026-02-22,META,success
2026-02-23,NVDA,success
2026-02-23,AMD,success
2026-02-23,TSM,success
2026-02-23,MU,success
2026-02-23,AVGO,success
2026-02-23,MSFT,success
2026-02-23,AMZN,success
2026-02-23,GOOGL,success
2026-02-23,META,success
2026-02-24,NVDA,success
2026-02-24,AMD,success
2026-02-24,TSM,success
2026-02-24,MU,success
2026-02-24,AVGO,success
2026-02-24,MSFT,success
2026-02-24,AMZN,success
2026-02-24,GOOGL,success
2026-02-24,META,success
2026-02-25,NVDA,success
2026-02-25,AMD,success
2026-02-25,TSM,success
2026-02-25,MU,success
2026-02-25,AVGO,success
2026-02-25,MSFT,success
2026-02-25,AMZN,success
2026-02-25,GOOGL,success
2026-02-25,META,success
2026-02-26,NVDA,success_truncation_suspected
2026-02-26,AMD,success
2026-02-26,TSM,success
2026-02-26,MU,success
2026-02-26,AVGO,success
2026-02-26,MSFT,success
2026-02-26,AMZN,success
2026-02-26,GOOGL,success
2026-02-26,META,success
2026-02-27,NVDA,success
2026-02-27,AMD,success
2026-02-27,TSM,success
2026-02-27,MU,success
2026-02-27,AVGO,success
2026-02-27,MSFT,success
2026-02-27,AMZN,success
2026-02-27,GOOGL,success
2026-02-27,META,success
2026-02-28,NVDA,success
2026-02-28,AMD,success
2026-02-28,TSM,success
2026-02-28,MU,success
2026-02-28,AVGO,success
2026-02-28,MSFT,success
2026-02-28,AMZN,success
2026-02-28,GOOGL,success
2026-02-28,META,success
2026-03-01,NVDA,success
2026-03-01,AMD,success
2026-03-01,TSM,success
2026-03-01,MU,success
2026-03-01,AVGO,success
2026-03-01,MSFT,success
2026-03-01,AMZN,success
2026-03-01,GOOGL,success
2026-03-01,META,success
2026-03-02,NVDA,success
2026-03-02,AMD,success
2026-03-02,TSM,success
2026-03-02,MU,success
2026-03-02,AVGO,success
2026-03-02,MSFT,success
2026-03-02,AMZN,success
2026-03-02,GOOGL,success
2026-03-02,META,success
2026-03-03,NVDA,success
2026-03-03,AMD,success
2026-03-03,TSM,success
2026-03-03,MU,success
2026-03-03,AVGO,success
2026-03-03,MSFT,success
2026-03-03,AMZN,success
2026-03-03,GOOGL,success
2026-03-03,META,success
2026-03-04,NVDA,success
2026-03-04,AMD,success
2026-03-04,TSM,success
2026-03-04,MU,success
2026-03-04,AVGO,success
2026-03-04,MSFT,success
2026-03-04,AMZN,success
2026-03-04,GOOGL,success
2026-03-04,META,success
2026-03-05,NVDA,success
2026-03-05,AMD,success
2026-03-05,TSM,success
2026-03-05,MU,success
2026-03-05,AVGO,success
2026-03-05,MSFT,success
2026-03-05,AMZN,success
2026-03-05,GOOGL,success
2026-03-05,META,success
2026-03-06,NVDA,success
2026-03-06,AMD,success
2026-03-06,TSM,success
2026-03-06,MU,success
2026-03-06,AVGO,success
2026-03-06,MSFT,success
2026-03-06,AMZN,success
2026-03-06,GOOGL,success
2026-03-06,META,success
2026-03-07,NVDA,success
2026-03-07,AMD,success
2026-03-07,TSM,success
2026-03-07,MU,success
2026-03-07,AVGO,success
2026-03-07,MSFT,success
2026-03-07,AMZN,success
2026-03-07,GOOGL,success
2026-03-07,META,success
2026-03-08,NVDA,success
2026-03-08,AMD,success
2026-03-08,TSM,success
2026-03-08,MU,success
2026-03-08,AVGO,success
2026-03-08,MSFT,success
2026-03-08,AMZN,success
2026-03-08,GOOGL,success
2026-03-08,META,success
2026-03-09,NVDA,success
2026-03-09,AMD,success
2026-03-09,TSM,success
2026-03-09,MU,success
2026-03-09,AVGO,success
2026-03-09,MSFT,success
2026-03-09,AMZN,success
2026-03-09,GOOGL,success
2026-03-09,META,success
2026-03-10,NVDA,success
2026-03-10,AMD,success
2026-03-10,TSM,success
2026-03-10,MU,success
2026-03-10,AVGO,success
2026-03-10,MSFT,success
2026-03-10,AMZN,success
2026-03-10,GOOGL,success
2026-03-10,META,success
2026-03-11,NVDA,success
2026-03-11,AMD,success
2026-03-11,TSM,success
2026-03-11,MU,success
2026-03-11,AVGO,success
2026-03-11,MSFT,success
2026-03-11,AMZN,success
2026-03-11,GOOGL,success
2026-03-11,META,success
2026-03-12,NVDA,success
2026-03-12,AMD,success
2026-03-12,TSM,success
2026-03-12,MU,success
2026-03-12,AVGO,success
2026-03-12,MSFT,success
2026-03-12,AMZN,success
2026-03-12,GOOGL,success
2026-03-12,META,success
2026-03-13,NVDA,success
2026-03-13,AMD,success
2026-03-13,TSM,success
2026-03-13,MU,success
2026-03-13,AVGO,success
2026-03-13,MSFT,success
2026-03-13,AMZN,success
2026-03-13,GOOGL,success
2026-03-13,META,success
2026-03-14,NVDA,success
2026-03-14,AMD,success
2026-03-14,TSM,success
2026-03-14,MU,success
2026-03-14,AVGO,success
2026-03-14,MSFT,success
2026-03-14,AMZN,success
2026-03-14,GOOGL,success
2026-03-14,META,success
2026-03-15,NVDA,success
2026-03-15,AMD,success
2026-03-15,TSM,success
2026-03-15,MU,success
2026-03-15,AVGO,success
2026-03-15,MSFT,success
2026-03-15,AMZN,success
2026-03-15,GOOGL,success
2026-03-15,META,success
2026-03-16,NVDA,success
2026-03-16,AMD,success
2026-03-16,TSM,success
2026-03-16,MU,success
2026-03-16,AVGO,success
2026-03-16,MSFT,success
2026-03-16,AMZN,success
2026-03-16,GOOGL,success
2026-03-16,META,success
2026-03-17,NVDA,success_truncation_suspected
2026-03-17,AMD,success
2026-03-17,TSM,success
2026-03-17,MU,success
2026-03-17,AVGO,success
2026-03-17,MSFT,success
2026-03-17,AMZN,success
2026-03-17,GOOGL,success
2026-03-17,META,success
2026-03-18,NVDA,success_truncation_suspected
2026-03-18,AMD,success
2026-03-18,TSM,success
2026-03-18,MU,success
2026-03-18,AVGO,success
2026-03-18,MSFT,success
2026-03-18,AMZN,success
2026-03-18,GOOGL,success
2026-03-18,META,success
2026-03-19,NVDA,success
2026-03-19,AMD,success
2026-03-19,TSM,success
2026-03-19,MU,success
2026-03-19,AVGO,success
2026-03-19,MSFT,success
2026-03-19,AMZN,success
2026-03-19,GOOGL,success
2026-03-19,META,success
2026-03-20,NVDA,success
2026-03-20,AMD,success
2026-03-20,TSM,success
2026-03-20,MU,success
2026-03-20,AVGO,success
2026-03-20,MSFT,success
2026-03-20,AMZN,success
2026-03-20,GOOGL,success
2026-03-20,META,success
2026-03-21,NVDA,success
2026-03-21,AMD,success
2026-03-21,TSM,success
2026-03-21,MU,success
2026-03-21,AVGO,success
2026-03-21,MSFT,success
2026-03-21,AMZN,success
2026-03-21,GOOGL,success
2026-03-21,META,success
2026-03-22,NVDA,success
2026-03-22,AMD,success
2026-03-22,TSM,success
2026-03-22,MU,success
2026-03-22,AVGO,success
2026-03-22,MSFT,success
2026-03-22,AMZN,success
2026-03-22,GOOGL,success
2026-03-22,META,success
2026-03-23,NVDA,success
2026-03-23,AMD,success
2026-03-23,TSM,success
2026-03-23,MU,success
2026-03-23,AVGO,success
2026-03-23,MSFT,success
2026-03-23,AMZN,success
2026-03-23,GOOGL,success
2026-03-23,META,success
2026-03-24,NVDA,success
2026-03-24,AMD,success
2026-03-24,TSM,success
2026-03-24,MU,success
2026-03-24,AVGO,success
2026-03-24,MSFT,success
2026-03-24,AMZN,success
2026-03-24,GOOGL,success
2026-03-24,META,success
2026-03-25,NVDA,success
2026-03-25,AMD,success
2026-03-25,TSM,success
2026-03-25,MU,success
2026-03-25,AVGO,success
2026-03-25,MSFT,success
2026-03-25,AMZN,success
2026-03-25,GOOGL,success
2026-03-25,META,success
2026-03-26,NVDA,success
2026-03-26,AMD,success
2026-03-26,TSM,success
2026-03-26,MU,success
2026-03-26,AVGO,success
2026-03-26,MSFT,success
2026-03-26,AMZN,success
2026-03-26,GOOGL,success
2026-03-26,META,success
2026-03-27,NVDA,success
2026-03-27,AMD,success
2026-03-27,TSM,success
2026-03-27,MU,success
2026-03-27,AVGO,success
2026-03-27,MSFT,success
2026-03-27,AMZN,success
2026-03-27,GOOGL,success
2026-03-27,META,success
2026-03-28,NVDA,success
2026-03-28,AMD,success
2026-03-28,TSM,success
2026-03-28,MU,success
2026-03-28,AVGO,success
2026-03-28,MSFT,success
2026-03-28,AMZN,success
2026-03-28,GOOGL,success
2026-03-28,META,success
2026-03-29,NVDA,success
2026-03-29,AMD,success
2026-03-29,TSM,success
2026-03-29,MU,success
2026-03-29,AVGO,success
2026-03-29,MSFT,success
2026-03-29,AMZN,success
2026-03-29,GOOGL,success
2026-03-29,META,success
2026-03-30,NVDA,success
2026-03-30,AMD,success
2026-03-30,TSM,success
2026-03-30,MU,success
2026-03-30,AVGO,success
2026-03-30,MSFT,success
2026-03-30,AMZN,success
2026-03-30,GOOGL,success
2026-03-30,META,success
2026-03-31,NVDA,success
2026-03-31,AMD,success
2026-03-31,TSM,success
2026-03-31,MU,success
2026-03-31,AVGO,success
2026-03-31,MSFT,success
2026-03-31,AMZN,success
2026-03-31,GOOGL,success
2026-03-31,META,success
2026-04-01,NVDA,success
2026-04-01,AMD,success
2026-04-01,TSM,success
2026-04-01,MU,success
2026-04-01,AVGO,success
2026-04-01,MSFT,success
2026-04-01,AMZN,success
2026-04-01,GOOGL,success
2026-04-01,META,success
2026-04-02,NVDA,success
2026-04-02,AMD,success
2026-04-02,TSM,success
2026-04-02,MU,success
2026-04-02,AVGO,success
2026-04-02,MSFT,success
2026-04-02,AMZN,success
2026-04-02,GOOGL,success
2026-04-02,META,success
2026-04-03,NVDA,success
2026-04-03,AMD,success
2026-04-03,TSM,success
2026-04-03,MU,success
2026-04-03,AVGO,success
2026-04-03,MSFT,success
2026-04-03,AMZN,success
2026-04-03,GOOGL,success
2026-04-03,META,success
2026-04-04,NVDA,success
2026-04-04,AMD,success
2026-04-04,TSM,success
2026-04-04,MU,success
2026-04-04,AVGO,success
2026-04-04,MSFT,success
2026-04-04,AMZN,success
2026-04-04,GOOGL,success
2026-04-04,META,success
2026-04-05,NVDA,success
2026-04-05,AMD,success
2026-04-05,TSM,success
2026-04-05,MU,success
2026-04-05,AVGO,success
2026-04-05,MSFT,success
2026-04-05,AMZN,success
2026-04-05,GOOGL,success
2026-04-05,META,success
2026-04-06,NVDA,success
2026-04-06,AMD,success
2026-04-06,TSM,success
2026-04-06,MU,success
2026-04-06,AVGO,success
2026-04-06,MSFT,success
2026-04-06,AMZN,success
2026-04-06,GOOGL,success
2026-04-06,META,success
2026-04-07,NVDA,success
2026-04-07,AMD,success
2026-04-07,TSM,success
2026-04-07,MU,success
2026-04-07,AVGO,success
2026-04-07,MSFT,success
2026-04-07,AMZN,success
2026-04-07,GOOGL,success
2026-04-07,META,success
2026-04-08,NVDA,success
2026-04-08,AMD,success
2026-04-08,TSM,success
2026-04-08,MU,success
2026-04-08,AVGO,success
2026-04-08,MSFT,success
2026-04-08,AMZN,success
2026-04-08,GOOGL,success
2026-04-08,META,success
2026-04-09,NVDA,success
2026-04-09,AMD,success
2026-04-09,TSM,success
2026-04-09,MU,success
2026-04-09,AVGO,success
2026-04-09,MSFT,success
2026-04-09,AMZN,success
2026-04-09,GOOGL,success
2026-04-09,META,success
2026-04-10,NVDA,success
2026-04-10,AMD,success
2026-04-10,TSM,success
2026-04-10,MU,success
2026-04-10,AVGO,success
2026-04-10,MSFT,success
2026-04-10,AMZN,success
2026-04-10,GOOGL,success
2026-04-10,META,success
2026-04-11,NVDA,success
2026-04-11,AMD,success
2026-04-11,TSM,success
2026-04-11,MU,success
2026-04-11,AVGO,success
2026-04-11,MSFT,success
2026-04-11,AMZN,success
2026-04-11,GOOGL,success
2026-04-11,META,success
2026-04-12,NVDA,success
2026-04-12,AMD,success
2026-04-12,TSM,success
2026-04-12,MU,success
2026-04-12,AVGO,success
2026-04-12,MSFT,success
2026-04-12,AMZN,success
2026-04-12,GOOGL,success
2026-04-12,META,success
2026-04-13,NVDA,success
2026-04-13,AMD,success
2026-04-13,TSM,success
2026-04-13,MU,success
2026-04-13,AVGO,success
2026-04-13,MSFT,success
2026-04-13,AMZN,success
2026-04-13,GOOGL,success
2026-04-13,META,success
2026-04-14,NVDA,success
2026-04-14,AMD,success
2026-04-14,TSM,success
2026-04-14,MU,success
2026-04-14,AVGO,success
2026-04-14,MSFT,success
2026-04-14,AMZN,success
2026-04-14,GOOGL,success
2026-04-14,META,success
2026-04-15,NVDA,success
2026-04-15,AMD,success
2026-04-15,TSM,success
2026-04-15,MU,success
2026-04-15,AVGO,success
2026-04-15,MSFT,success
2026-04-15,AMZN,success
2026-04-15,GOOGL,success
2026-04-15,META,success
2026-04-16,NVDA,success
2026-04-16,AMD,success
2026-04-16,TSM,success
2026-04-16,MU,success
2026-04-16,AVGO,success
2026-04-16,MSFT,success
2026-04-16,AMZN,success
2026-04-16,GOOGL,success
2026-04-16,META,success
2026-04-17,NVDA,success
2026-04-17,AMD,success
2026-04-17,TSM,success
2026-04-17,MU,success
2026-04-17,AVGO,success
2026-04-17,MSFT,success
2026-04-17,AMZN,success
2026-04-17,GOOGL,success
2026-04-17,META,success
2026-04-18,NVDA,success
2026-04-18,AMD,success
2026-04-18,TSM,success
2026-04-18,MU,success
2026-04-18,AVGO,success
2026-04-18,MSFT,success
2026-04-18,AMZN,success
2026-04-18,GOOGL,success
2026-04-18,META,success
2026-04-19,NVDA,success
2026-04-19,AMD,success
2026-04-19,TSM,success
2026-04-19,MU,success
2026-04-19,AVGO,success
2026-04-19,MSFT,success
2026-04-19,AMZN,success
2026-04-19,GOOGL,success
2026-04-19,META,success
2026-04-20,NVDA,success
2026-04-20,AMD,success
2026-04-20,TSM,success
2026-04-20,MU,success
2026-04-20,AVGO,success
2026-04-20,MSFT,success
2026-04-20,AMZN,success
2026-04-20,GOOGL,success
2026-04-20,META,success
2026-04-21,NVDA,success
2026-04-21,AMD,success
2026-04-21,TSM,success
2026-04-21,MU,success
2026-04-21,AVGO,success
2026-04-21,MSFT,success
2026-04-21,AMZN,success
2026-04-21,GOOGL,success
2026-04-21,META,success
2026-04-22,NVDA,success
2026-04-22,AMD,success
2026-04-22,TSM,success
2026-04-22,MU,success
2026-04-22,AVGO,success
2026-04-22,MSFT,success
2026-04-22,AMZN,success
2026-04-22,GOOGL,success
2026-04-22,META,success
2026-04-23,NVDA,success
2026-04-23,AMD,success
2026-04-23,TSM,success
2026-04-23,MU,success
2026-04-23,AVGO,success
2026-04-23,MSFT,success
2026-04-23,AMZN,success
2026-04-23,GOOGL,success
2026-04-23,META,success
2026-04-24,NVDA,success
2026-04-24,AMD,success
2026-04-24,TSM,success
2026-04-24,MU,success
2026-04-24,AVGO,success
2026-04-24,MSFT,success
2026-04-24,AMZN,success
2026-04-24,GOOGL,success
2026-04-24,META,success
2026-04-25,NVDA,success
2026-04-25,AMD,success
2026-04-25,TSM,success
2026-04-25,MU,success
2026-04-25,AVGO,success
2026-04-25,MSFT,success
2026-04-25,AMZN,success
2026-04-25,GOOGL,success
2026-04-25,META,success
2026-04-26,NVDA,success
2026-04-26,AMD,success
2026-04-26,TSM,success
2026-04-26,MU,success
2026-04-26,AVGO,success
2026-04-26,MSFT,success
2026-04-26,AMZN,success
2026-04-26,GOOGL,success
2026-04-26,META,success
2026-04-27,NVDA,success
2026-04-27,AMD,success
2026-04-27,TSM,success
2026-04-27,MU,success
2026-04-27,AVGO,success
2026-04-27,MSFT,success
2026-04-27,AMZN,success
2026-04-27,GOOGL,success
2026-04-27,META,success
2026-04-28,NVDA,success
2026-04-28,AMD,success
2026-04-28,TSM,success
2026-04-28,MU,success
2026-04-28,AVGO,success
2026-04-28,MSFT,success
2026-04-28,AMZN,success
2026-04-28,GOOGL,success
2026-04-28,META,success
2026-04-29,NVDA,success
2026-04-29,AMD,success
2026-04-29,TSM,success
2026-04-29,MU,success
2026-04-29,AVGO,success
2026-04-29,MSFT,success
2026-04-29,AMZN,success
2026-04-29,GOOGL,success
2026-04-29,META,success
2026-04-30,NVDA,success
2026-04-30,AMD,success
2026-04-30,TSM,success
2026-04-30,MU,success
2026-04-30,AVGO,success
2026-04-30,MSFT,success
2026-04-30,AMZN,success
2026-04-30,GOOGL,success
2026-04-30,META,success
2026-05-01,NVDA,success
2026-05-01,AMD,success
2026-05-01,TSM,success
2026-05-01,MU,success
2026-05-01,AVGO,success
2026-05-01,MSFT,success
2026-05-01,AMZN,success
2026-05-01,GOOGL,success
2026-05-01,META,success
2026-05-02,NVDA,outside_collected_date_range
2026-05-02,AMD,outside_collected_date_range
2026-05-02,TSM,outside_collected_date_range
2026-05-02,MU,outside_collected_date_range
2026-05-02,AVGO,outside_collected_date_range
2026-05-02,MSFT,outside_collected_date_range
2026-05-02,AMZN,outside_collected_date_range
2026-05-02,GOOGL,outside_collected_date_range
2026-05-02,META,outside_collected_date_range
2026-05-03,NVDA,outside_collected_date_range
2026-05-03,AMD,outside_collected_date_range
2026-05-03,TSM,outside_collected_date_range
2026-05-03,MU,outside_collected_date_range
2026-05-03,AVGO,outside_collected_date_range
2026-05-03,MSFT,outside_collected_date_range
2026-05-03,AMZN,outside_collected_date_range
2026-05-03,GOOGL,outside_collected_date_range
2026-05-03,META,outside_collected_date_range
2026-05-04,NVDA,outside_collected_date_range
2026-05-04,AMD,outside_collected_date_range
2026-05-04,TSM,outside_collected_date_range
2026-05-04,MU,outside_collected_date_range
2026-05-04,AVGO,outside_collected_date_range
2026-05-04,MSFT,outside_collected_date_range
2026-05-04,AMZN,outside_collected_date_range
2026-05-04,GOOGL,outside_collected_date_range
2026-05-04,META,outside_collected_date_range
2026-05-05,NVDA,outside_collected_date_range
2026-05-05,AMD,outside_collected_date_range
2026-05-05,TSM,outside_collected_date_range
2026-05-05,MU,outside_collected_date_range
2026-05-05,AVGO,outside_collected_date_range
2026-05-05,MSFT,outside_collected_date_range
2026-05-05,AMZN,outside_collected_date_range
2026-05-05,GOOGL,outside_collected_date_range
2026-05-05,META,outside_collected_date_range
2026-05-06,NVDA,outside_collected_date_range
2026-05-06,AMD,outside_collected_date_range
2026-05-06,TSM,outside_collected_date_range
2026-05-06,MU,outside_collected_date_range
2026-05-06,AVGO,outside_collected_date_range
2026-05-06,MSFT,outside_collected_date_range
2026-05-06,AMZN,outside_collected_date_range
2026-05-06,GOOGL,outside_collected_date_range
2026-05-06,META,outside_collected_date_range
2026-05-07,NVDA,outside_collected_date_range
2026-05-07,AMD,outside_collected_date_range
2026-05-07,TSM,outside_collected_date_range
2026-05-07,MU,outside_collected_date_range
2026-05-07,AVGO,outside_collected_date_range
2026-05-07,MSFT,outside_collected_date_range
2026-05-07,AMZN,outside_collected_date_range
2026-05-07,GOOGL,outside_collected_date_range
2026-05-07,META,outside_collected_date_range
2026-05-08,NVDA,outside_collected_date_range
2026-05-08,AMD,outside_collected_date_range
2026-05-08,TSM,outside_collected_date_range
2026-05-08,MU,outside_collected_date_range
2026-05-08,AVGO,outside_collected_date_range
2026-05-08,MSFT,outside_collected_date_range
2026-05-08,AMZN,outside_collected_date_range
2026-05-08,GOOGL,outside_collected_date_range
2026-05-08,META,outside_collected_date_range
2026-05-09,NVDA,outside_collected_date_range
2026-05-09,AMD,outside_collected_date_range
2026-05-09,TSM,outside_collected_date_range
2026-05-09,MU,outside_collected_date_range
2026-05-09,AVGO,outside_collected_date_range
2026-05-09,MSFT,outside_collected_date_range
2026-05-09,AMZN,outside_collected_date_range
2026-05-09,GOOGL,outside_collected_date_range
2026-05-09,META,outside_collected_date_range
2026-05-10,NVDA,outside_collected_date_range
2026-05-10,AMD,outside_collected_date_range
2026-05-10,TSM,outside_collected_date_range
2026-05-10,MU,outside_collected_date_range
2026-05-10,AVGO,outside_collected_date_range
2026-05-10,MSFT,outside_collected_date_range
2026-05-10,AMZN,outside_collected_date_range
2026-05-10,GOOGL,outside_collected_date_range
2026-05-10,META,outside_collected_date_range
2026-05-11,NVDA,outside_collected_date_range
2026-05-11,AMD,outside_collected_date_range
2026-05-11,TSM,outside_collected_date_range
2026-05-11,MU,outside_collected_date_range
2026-05-11,AVGO,outside_collected_date_range
2026-05-11,MSFT,outside_collected_date_range
2026-05-11,AMZN,outside_collected_date_range
2026-05-11,GOOGL,outside_collected_date_range
2026-05-11,META,outside_collected_date_range
2026-05-12,NVDA,outside_collected_date_range
2026-05-12,AMD,outside_collected_date_range
2026-05-12,TSM,outside_collected_date_range
2026-05-12,MU,outside_collected_date_range
2026-05-12,AVGO,outside_collected_date_range
2026-05-12,MSFT,outside_collected_date_range
2026-05-12,AMZN,outside_collected_date_range
2026-05-12,GOOGL,outside_collected_date_range
2026-05-12,META,outside_collected_date_range
2026-05-13,NVDA,outside_collected_date_range
2026-05-13,AMD,outside_collected_date_range
2026-05-13,TSM,outside_collected_date_range
2026-05-13,MU,outside_collected_date_range
2026-05-13,AVGO,outside_collected_date_range
2026-05-13,MSFT,outside_collected_date_range
2026-05-13,AMZN,outside_collected_date_range
2026-05-13,GOOGL,outside_collected_date_range
2026-05-13,META,outside_collected_date_range
2026-05-14,NVDA,outside_collected_date_range
2026-05-14,AMD,outside_collected_date_range
2026-05-14,TSM,outside_collected_date_range
2026-05-14,MU,outside_collected_date_range
2026-05-14,AVGO,outside_collected_date_range
2026-05-14,MSFT,outside_collected_date_range
2026-05-14,AMZN,outside_collected_date_range
2026-05-14,GOOGL,outside_collected_date_range
2026-05-14,META,outside_collected_date_range
2026-05-15,NVDA,outside_collected_date_range
2026-05-15,AMD,outside_collected_date_range
2026-05-15,TSM,outside_collected_date_range
2026-05-15,MU,outside_collected_date_range
2026-05-15,AVGO,outside_collected_date_range
2026-05-15,MSFT,outside_collected_date_range
2026-05-15,AMZN,outside_collected_date_range
2026-05-15,GOOGL,outside_collected_date_range
2026-05-15,META,outside_collected_date_range
