event_date,ticker,price_move_1pct,price_move_5pct,shift_1pct_up,shift_1pct_down,shift_5pct_up,shift_5pct_down,shift_categories,previous_session_date,cutoff_utc,cutoff_new_york,interval_end_utc,timing_assumption,provisional_cutoff,article_count_24h,collection_window_verified_24h,article_count_72h,collection_window_verified_72h,article_count_7d,collection_window_verified_7d,coverage_issues,incomplete_lookback_at_news_start,extends_past_news_collection_end,known_collection_gap,potential_truncation,zero_match_interpretation,historical_availability_uncertain_count,possible_revision_or_identity_conflict_count,missing_article_fields_count,provider_source_completeness_unverified
2025-10-06,NVDA,-1,0,0,1,0,0,1pct_down,2025-10-03,2025-10-03T20:00:00+00:00,2025-10-03T16:00:00-04:00,2025-10-06T20:00:00+00:00,documented_adjusted_close_to_close_previous_NASDAQ_session_close,0,38,1,104,0,104,0,"[{""date_utc"":""2025-09-26"",""state"":""outside_collected_date_range"",""tickers"":[""AMD"",""AMZN"",""AVGO"",""GOOGL"",""META"",""MSFT"",""MU"",""NVDA"",""TSM""]},{""date_utc"":""2025-09-27"",""state"":""outside_collected_date_range"",""tickers"":[""AMD"",""AMZN"",""AVGO"",""GOOGL"",""META"",""MSFT"",""MU"",""NVDA"",""TSM""]},{""date_utc"":""2025-09-28"",""state"":""outside_collected_date_range"",""tickers"":[""AMD"",""AMZN"",""AVGO"",""GOOGL"",""META"",""MSFT"",""MU"",""NVDA"",""TSM""]},{""date_utc"":""2025-09-29"",""state"":""outside_collected_date_range"",""tickers"":[""AMD"",""AMZN"",""AVGO"",""GOOGL"",""META"",""MSFT"",""MU"",""NVDA"",""TSM""]},{""date_utc"":""2025-09-30"",""state"":""outside_collected_date_range"",""tickers"":[""AMD"",""AMZN"",""AVGO"",""GOOGL"",""META"",""MSFT"",""MU"",""NVDA"",""TSM""]}]",1,0,1,0,has_matches,104,1,0,1
2025-10-08,NVDA,1,0,1,0,0,0,1pct_up,2025-10-07,2025-10-07T20:00:00+00:00,2025-10-07T16:00:00-04:00,2025-10-08T20:00:00+00:00,documented_adjusted_close_to_close_previous_NASDAQ_session_close,0,44,1,86,1,192,0,"[{""date_utc"":""2025-09-30"",""state"":""outside_collected_date_range"",""tickers"":[""AMD"",""AMZN"",""AVGO"",""GOOGL"",""META"",""MSFT"",""MU"",""NVDA"",""TSM""]}]",1,0,1,0,has_matches,192,1,0,1
2025-10-09,NVDA,1,0,1,0,0,0,1pct_up,2025-10-08,2025-10-08T20:00:00+00:00,2025-10-08T16:00:00-04:00,2025-10-09T20:00:00+00:00,documented_adjusted_close_to_close_previous_NASDAQ_session_close,0,67,1,143,1,223,1,[],0,0,0,0,has_matches,223,0,0,1
2025-10-10,NVDA,-1,0,0,1,0,0,1pct_down,2025-10-09,2025-10-09T20:00:00+00:00,2025-10-09T16:00:00-04:00,2025-10-10T20:00:00+00:00,documented_adjusted_close_to_close_previous_NASDAQ_session_close,0,59,1,170,1,252,1,[],0,0,0,0,has_matches,252,1,0,1
2025-10-13,NVDA,1,0,1,0,0,0,1pct_up,2025-10-10,2025-10-10T20:00:00+00:00,2025-10-10T16:00:00-04:00,2025-10-13T20:00:00+00:00,documented_adjusted_close_to_close_previous_NASDAQ_session_close,0,20,1,146,1,234,1,[],0,0,0,0,has_matches,234,1,0,1
2025-10-14,NVDA,-1,0,0,1,0,0,1pct_down,2025-10-13,2025-10-13T20:00:00+00:00,2025-10-13T16:00:00-04:00,2025-10-14T20:00:00+00:00,documented_adjusted_close_to_close_previous_NASDAQ_session_close,0,42,1,72,1,262,1,[],0,0,0,0,has_matches,262,2,0,1
2025-10-16,NVDA,1,0,1,0,0,0,1pct_up,2025-10-15,2025-10-15T20:00:00+00:00,2025-10-15T16:00:00-04:00,2025-10-16T20:00:00+00:00,documented_adjusted_close_to_close_previous_NASDAQ_session_close,0,42,1,130,1,239,1,[],0,0,0,0,has_matches,239,2,0,1
2025-10-23,NVDA,1,0,1,0,0,0,1pct_up,2025-10-22,2025-10-22T20:00:00+00:00,2025-10-22T16:00:00-04:00,2025-10-23T20:00:00+00:00,documented_adjusted_close_to_close_previous_NASDAQ_session_close,0,22,1,66,1,179,1,[],0,0,0,0,has_matches,179,1,0,1
2025-10-24,NVDA,1,0,1,0,0,0,1pct_up,2025-10-23,2025-10-23T20:00:00+00:00,2025-10-23T16:00:00-04:00,2025-10-24T20:00:00+00:00,documented_adjusted_close_to_close_previous_NASDAQ_session_close,0,18,1,69,1,149,1,[],0,0,0,0,has_matches,149,0,0,1
2025-10-27,NVDA,1,0,1,0,0,0,1pct_up,2025-10-24,2025-10-24T20:00:00+00:00,2025-10-24T16:00:00-04:00,2025-10-27T20:00:00+00:00,documented_adjusted_close_to_close_previous_NASDAQ_session_close,0,10,1,50,1,115,1,[],0,0,0,0,has_matches,115,0,0,1
2025-10-28,NVDA,1,0,1,0,0,0,1pct_up,2025-10-27,2025-10-27T20:00:00+00:00,2025-10-27T16:00:00-04:00,2025-10-28T20:00:00+00:00,documented_adjusted_close_to_close_previous_NASDAQ_session_close,0,40,1,50,1,129,1,[],0,0,0,0,has_matches,129,0,0,1
2025-10-29,NVDA,1,0,1,0,0,0,1pct_up,2025-10-28,2025-10-28T20:00:00+00:00,2025-10-28T16:00:00-04:00,2025-10-29T20:00:00+00:00,documented_adjusted_close_to_close_previous_NASDAQ_session_close,0,57,1,104,1,157,1,[],0,0,0,0,has_matches,157,0,0,1
2025-10-30,NVDA,-1,0,0,1,0,0,1pct_down,2025-10-29,2025-10-29T20:00:00+00:00,2025-10-29T16:00:00-04:00,2025-10-30T20:00:00+00:00,documented_adjusted_close_to_close_previous_NASDAQ_session_close,0,104,1,201,1,239,1,[],0,0,0,0,has_matches,239,2,0,1
2025-11-03,NVDA,1,0,1,0,0,0,1pct_up,2025-10-31,2025-10-31T20:00:00+00:00,2025-10-31T16:00:00-04:00,2025-11-03T21:00:00+00:00,documented_adjusted_close_to_close_previous_NASDAQ_session_close,0,50,1,202,1,309,1,[],0,0,0,0,has_matches,309,3,0,1
2025-11-04,NVDA,-1,0,0,1,0,0,1pct_down,2025-11-03,2025-11-03T21:00:00+00:00,2025-11-03T16:00:00-05:00,2025-11-04T21:00:00+00:00,documented_adjusted_close_to_close_previous_NASDAQ_session_close,0,62,1,82,1,341,1,[],0,0,0,0,has_matches,341,3,0,1
2025-11-05,NVDA,-1,0,0,1,0,0,1pct_down,2025-11-04,2025-11-04T21:00:00+00:00,2025-11-04T16:00:00-05:00,2025-11-05T21:00:00+00:00,documented_adjusted_close_to_close_previous_NASDAQ_session_close,0,33,1,110,1,317,1,[],0,0,0,0,has_matches,317,3,0,1
2025-11-06,NVDA,-1,0,0,1,0,0,1pct_down,2025-11-05,2025-11-05T21:00:00+00:00,2025-11-05T16:00:00-05:00,2025-11-06T21:00:00+00:00,documented_adjusted_close_to_close_previous_NASDAQ_session_close,0,9,1,104,1,222,1,[],0,0,0,0,has_matches,222,2,0,1
2025-11-10,NVDA,1,1,1,0,1,0,1pct_up|5pct_up,2025-11-07,2025-11-07T21:00:00+00:00,2025-11-07T16:00:00-05:00,2025-11-10T21:00:00+00:00,documented_adjusted_close_to_close_previous_NASDAQ_session_close,0,45,1,72,1,187,1,[],0,0,0,0,has_matches,187,2,0,1
2025-11-11,NVDA,-1,0,0,1,0,0,1pct_down,2025-11-10,2025-11-10T21:00:00+00:00,2025-11-10T16:00:00-05:00,2025-11-11T21:00:00+00:00,documented_adjusted_close_to_close_previous_NASDAQ_session_close,0,44,1,75,1,180,1,[],0,0,0,0,has_matches,180,2,0,1
2025-11-13,NVDA,-1,0,0,1,0,0,1pct_down,2025-11-12,2025-11-12T21:00:00+00:00,2025-11-12T16:00:00-05:00,2025-11-13T21:00:00+00:00,documented_adjusted_close_to_close_previous_NASDAQ_session_close,0,50,1,157,1,251,1,[],0,0,0,0,has_matches,251,4,0,1
2025-11-14,NVDA,1,0,1,0,0,0,1pct_up,2025-11-13,2025-11-13T21:00:00+00:00,2025-11-13T16:00:00-05:00,2025-11-14T21:00:00+00:00,documented_adjusted_close_to_close_previous_NASDAQ_session_close,0,49,1,162,1,282,1,[],0,0,0,0,has_matches,282,5,0,1
2025-11-17,NVDA,-1,0,0,1,0,0,1pct_down,2025-11-14,2025-11-14T21:00:00+00:00,2025-11-14T16:00:00-05:00,2025-11-17T21:00:00+00:00,documented_adjusted_close_to_close_previous_NASDAQ_session_close,0,60,1,159,1,297,1,[],0,0,0,0,has_matches,297,5,0,1
2025-11-18,NVDA,-1,0,0,1,0,0,1pct_down,2025-11-17,2025-11-17T21:00:00+00:00,2025-11-17T16:00:00-05:00,2025-11-18T21:00:00+00:00,documented_adjusted_close_to_close_previous_NASDAQ_session_close,0,60,1,104,1,326,1,[],0,0,0,0,has_matches,326,5,0,1
2025-11-19,NVDA,1,0,1,0,0,0,1pct_up,2025-11-18,2025-11-18T21:00:00+00:00,2025-11-18T16:00:00-05:00,2025-11-19T21:00:00+00:00,documented_adjusted_close_to_close_previous_NASDAQ_session_close,0,65,1,143,1,328,1,[],0,0,0,0,has_matches,328,4,0,1
2025-11-20,NVDA,-1,0,0,1,0,0,1pct_down,2025-11-19,2025-11-19T21:00:00+00:00,2025-11-19T16:00:00-05:00,2025-11-20T21:00:00+00:00,documented_adjusted_close_to_close_previous_NASDAQ_session_close,0,114,1,239,1,392,1,[],0,0,0,0,has_matches,392,5,0,1
2025-11-24,NVDA,1,0,1,0,0,0,1pct_up,2025-11-21,2025-11-21T21:00:00+00:00,2025-11-21T16:00:00-05:00,2025-11-24T21:00:00+00:00,documented_adjusted_close_to_close_previous_NASDAQ_session_close,0,66,1,313,1,482,1,[],0,0,0,0,has_matches,482,3,0,1
2025-11-25,NVDA,-1,0,0,1,0,0,1pct_down,2025-11-24,2025-11-24T21:00:00+00:00,2025-11-24T16:00:00-05:00,2025-11-25T21:00:00+00:00,documented_adjusted_close_to_close_previous_NASDAQ_session_close,0,44,1,80,1,458,1,[],0,0,0,0,has_matches,458,4,0,1
2025-11-26,NVDA,1,0,1,0,0,0,1pct_up,2025-11-25,2025-11-25T21:00:00+00:00,2025-11-25T16:00:00-05:00,2025-11-26T21:00:00+00:00,documented_adjusted_close_to_close_previous_NASDAQ_session_close,0,79,1,138,1,472,1,[],0,0,0,0,has_matches,472,5,0,1
2025-11-28,NVDA,-1,0,0,1,0,0,1pct_down,2025-11-26,2025-11-26T21:00:00+00:00,2025-11-26T16:00:00-05:00,2025-11-28T18:00:00+00:00,documented_adjusted_close_to_close_previous_NASDAQ_session_close,0,76,1,199,1,434,1,[],0,0,0,0,has_matches,434,6,0,1
2025-12-01,NVDA,1,0,1,0,0,0,1pct_up,2025-11-28,2025-11-28T18:00:00+00:00,2025-11-28T13:00:00-05:00,2025-12-01T21:00:00+00:00,documented_adjusted_close_to_close_previous_NASDAQ_session_close,0,30,1,146,1,304,1,[],0,0,0,0,has_matches,304,6,0,1
2025-12-03,NVDA,-1,0,0,1,0,0,1pct_down,2025-12-02,2025-12-02T21:00:00+00:00,2025-12-02T16:00:00-05:00,2025-12-03T21:00:00+00:00,documented_adjusted_close_to_close_previous_NASDAQ_session_close,0,56,1,98,1,245,1,[],0,0,0,0,has_matches,245,3,0,1
2025-12-04,NVDA,1,0,1,0,0,0,1pct_up,2025-12-03,2025-12-03T21:00:00+00:00,2025-12-03T16:00:00-05:00,2025-12-04T21:00:00+00:00,documented_adjusted_close_to_close_previous_NASDAQ_session_close,0,37,1,129,1,206,1,[],0,0,0,0,has_matches,206,0,0,1
2025-12-08,NVDA,1,0,1,0,0,0,1pct_up,2025-12-05,2025-12-05T21:00:00+00:00,2025-12-05T16:00:00-05:00,2025-12-08T21:00:00+00:00,documented_adjusted_close_to_close_previous_NASDAQ_session_close,0,33,1,125,1,234,1,[],0,0,0,0,has_matches,234,0,0,1
2025-12-11,NVDA,-1,0,0,1,0,0,1pct_down,2025-12-10,2025-12-10T21:00:00+00:00,2025-12-10T16:00:00-05:00,2025-12-11T21:00:00+00:00,documented_adjusted_close_to_close_previous_NASDAQ_session_close,0,27,1,127,1,241,1,[],0,0,0,0,has_matches,241,2,0,1
2025-12-12,NVDA,-1,0,0,1,0,0,1pct_down,2025-12-11,2025-12-11T21:00:00+00:00,2025-12-11T16:00:00-05:00,2025-12-12T21:00:00+00:00,documented_adjusted_close_to_close_previous_NASDAQ_session_close,0,49,1,143,1,235,1,[],0,0,0,0,has_matches,235,3,0,1
2025-12-17,NVDA,-1,0,0,1,0,0,1pct_down,2025-12-16,2025-12-16T21:00:00+00:00,2025-12-16T16:00:00-05:00,2025-12-17T21:00:00+00:00,documented_adjusted_close_to_close_previous_NASDAQ_session_close,0,27,1,62,1,176,1,[],0,0,0,0,has_matches,176,1,0,1
2025-12-18,NVDA,1,0,1,0,0,0,1pct_up,2025-12-17,2025-12-17T21:00:00+00:00,2025-12-17T16:00:00-05:00,2025-12-18T21:00:00+00:00,documented_adjusted_close_to_close_previous_NASDAQ_session_close,0,36,1,95,1,185,1,[],0,0,0,0,has_matches,185,1,0,1
2025-12-19,NVDA,1,0,1,0,0,0,1pct_up,2025-12-18,2025-12-18T21:00:00+00:00,2025-12-18T16:00:00-05:00,2025-12-19T21:00:00+00:00,documented_adjusted_close_to_close_previous_NASDAQ_session_close,0,53,1,116,1,189,1,[],0,0,0,0,has_matches,189,1,0,1
2025-12-22,NVDA,1,0,1,0,0,0,1pct_up,2025-12-19,2025-12-19T21:00:00+00:00,2025-12-19T16:00:00-05:00,2025-12-22T21:00:00+00:00,documented_adjusted_close_to_close_previous_NASDAQ_session_close,0,31,1,120,1,183,1,[],0,0,0,0,has_matches,183,2,0,1
2025-12-23,NVDA,1,0,1,0,0,0,1pct_up,2025-12-22,2025-12-22T21:00:00+00:00,2025-12-22T16:00:00-05:00,2025-12-23T21:00:00+00:00,documented_adjusted_close_to_close_previous_NASDAQ_session_close,0,33,1,58,1,205,1,[],0,0,0,0,has_matches,205,2,0,1
2025-12-26,NVDA,1,0,1,0,0,0,1pct_up,2025-12-24,2025-12-24T18:00:00+00:00,2025-12-24T13:00:00-05:00,2025-12-26T21:00:00+00:00,documented_adjusted_close_to_close_previous_NASDAQ_session_close,0,30,1,96,1,207,1,[],0,0,0,0,has_matches,207,2,0,1
2025-12-29,NVDA,-1,0,0,1,0,0,1pct_down,2025-12-26,2025-12-26T21:00:00+00:00,2025-12-26T16:00:00-05:00,2025-12-29T21:00:00+00:00,documented_adjusted_close_to_close_previous_NASDAQ_session_close,0,39,1,85,1,180,1,[],0,0,0,0,has_matches,180,0,0,1
2026-01-02,NVDA,1,0,1,0,0,0,1pct_up,2025-12-31,2025-12-31T21:00:00+00:00,2025-12-31T16:00:00-05:00,2026-01-02T21:00:00+00:00,documented_adjusted_close_to_close_previous_NASDAQ_session_close,0,33,1,112,1,183,1,[],0,0,0,0,has_matches,183,0,0,1
2026-01-08,NVDA,-1,0,0,1,0,0,1pct_down,2026-01-07,2026-01-07T21:00:00+00:00,2026-01-07T16:00:00-05:00,2026-01-08T21:00:00+00:00,documented_adjusted_close_to_close_previous_NASDAQ_session_close,0,62,1,227,1,256,1,[],0,0,0,0,has_matches,256,1,0,1
2026-01-14,NVDA,-1,0,0,1,0,0,1pct_down,2026-01-13,2026-01-13T21:00:00+00:00,2026-01-13T16:00:00-05:00,2026-01-14T21:00:00+00:00,documented_adjusted_close_to_close_previous_NASDAQ_session_close,0,55,1,122,1,323,1,[],0,0,0,0,has_matches,323,0,0,1
2026-01-15,NVDA,1,0,1,0,0,0,1pct_up,2026-01-14,2026-01-14T21:00:00+00:00,2026-01-14T16:00:00-05:00,2026-01-15T21:00:00+00:00,documented_adjusted_close_to_close_previous_NASDAQ_session_close,0,77,1,188,1,338,1,[],0,0,0,0,has_matches,338,0,0,1
2026-01-20,NVDA,-1,0,0,1,0,0,1pct_down,2026-01-16,2026-01-16T21:00:00+00:00,2026-01-16T16:00:00-05:00,2026-01-20T21:00:00+00:00,documented_adjusted_close_to_close_previous_NASDAQ_session_close,0,59,1,224,1,363,1,[],0,0,0,0,has_matches,363,0,0,1
2026-01-21,NVDA,1,0,1,0,0,0,1pct_up,2026-01-20,2026-01-20T21:00:00+00:00,2026-01-20T16:00:00-05:00,2026-01-21T21:00:00+00:00,documented_adjusted_close_to_close_previous_NASDAQ_session_close,0,69,1,106,1,350,1,[],0,0,0,0,has_matches,350,1,0,1
2026-01-23,NVDA,1,0,1,0,0,0,1pct_up,2026-01-22,2026-01-22T21:00:00+00:00,2026-01-22T16:00:00-05:00,2026-01-23T21:00:00+00:00,documented_adjusted_close_to_close_previous_NASDAQ_session_close,0,56,1,157,1,273,1,[],0,0,0,0,has_matches,273,1,0,1
2026-01-27,NVDA,1,0,1,0,0,0,1pct_up,2026-01-26,2026-01-26T21:00:00+00:00,2026-01-26T16:00:00-05:00,2026-01-27T21:00:00+00:00,documented_adjusted_close_to_close_previous_NASDAQ_session_close,0,82,1,108,1,319,1,[],0,0,0,0,has_matches,319,1,0,1
2026-01-28,NVDA,1,0,1,0,0,0,1pct_up,2026-01-27,2026-01-27T21:00:00+00:00,2026-01-27T16:00:00-05:00,2026-01-28T21:00:00+00:00,documented_adjusted_close_to_close_previous_NASDAQ_session_close,0,51,1,143,1,301,1,[],0,0,0,0,has_matches,301,0,0,1
2026-02-02,NVDA,-1,0,0,1,0,0,1pct_down,2026-01-30,2026-01-30T21:00:00+00:00,2026-01-30T16:00:00-05:00,2026-02-02T21:00:00+00:00,documented_adjusted_close_to_close_previous_NASDAQ_session_close,0,44,1,205,1,364,1,[],0,0,0,0,has_matches,364,1,0,1
2026-02-03,NVDA,-1,0,0,1,0,0,1pct_down,2026-02-02,2026-02-02T21:00:00+00:00,2026-02-02T16:00:00-05:00,2026-02-03T21:00:00+00:00,documented_adjusted_close_to_close_previous_NASDAQ_session_close,0,79,1,130,1,386,1,[],0,0,0,0,has_matches,386,1,0,1
2026-02-04,NVDA,-1,0,0,1,0,0,1pct_down,2026-02-03,2026-02-03T21:00:00+00:00,2026-02-03T16:00:00-05:00,2026-02-04T21:00:00+00:00,documented_adjusted_close_to_close_previous_NASDAQ_session_close,0,74,1,175,1,409,1,[],0,0,0,0,has_matches,409,1,0,1
2026-02-05,NVDA,-1,0,0,1,0,0,1pct_down,2026-02-04,2026-02-04T21:00:00+00:00,2026-02-04T16:00:00-05:00,2026-02-05T21:00:00+00:00,documented_adjusted_close_to_close_previous_NASDAQ_session_close,0,76,1,229,1,403,1,[],0,0,0,0,has_matches,403,0,0,1
2026-02-06,NVDA,1,1,1,0,1,0,1pct_up|5pct_up,2026-02-05,2026-02-05T21:00:00+00:00,2026-02-05T16:00:00-05:00,2026-02-06T21:00:00+00:00,documented_adjusted_close_to_close_previous_NASDAQ_session_close,0,56,1,206,1,380,1,[],0,0,0,0,has_matches,380,0,0,1
2026-02-09,NVDA,1,0,1,0,0,0,1pct_up,2026-02-06,2026-02-06T21:00:00+00:00,2026-02-06T16:00:00-05:00,2026-02-09T21:00:00+00:00,documented_adjusted_close_to_close_previous_NASDAQ_session_close,0,77,1,209,1,413,1,[],0,0,0,0,has_matches,413,1,0,1
2026-02-12,NVDA,-1,0,0,1,0,0,1pct_down,2026-02-11,2026-02-11T21:00:00+00:00,2026-02-11T16:00:00-05:00,2026-02-12T21:00:00+00:00,documented_adjusted_close_to_close_previous_NASDAQ_session_close,0,44,1,149,1,334,1,[],0,0,0,0,has_matches,334,1,0,1
2026-02-13,NVDA,-1,0,0,1,0,0,1pct_down,2026-02-12,2026-02-12T21:00:00+00:00,2026-02-12T16:00:00-05:00,2026-02-13T21:00:00+00:00,documented_adjusted_close_to_close_previous_NASDAQ_session_close,0,45,1,146,1,323,1,[],0,0,0,0,has_matches,323,1,0,1
2026-02-17,NVDA,1,0,1,0,0,0,1pct_up,2026-02-13,2026-02-13T21:00:00+00:00,2026-02-13T16:00:00-05:00,2026-02-17T21:00:00+00:00,documented_adjusted_close_to_close_previous_NASDAQ_session_close,0,34,1,123,1,280,1,[],0,0,0,0,has_matches,280,0,0,1
2026-02-18,NVDA,1,0,1,0,0,0,1pct_up,2026-02-17,2026-02-17T21:00:00+00:00,2026-02-17T16:00:00-05:00,2026-02-18T21:00:00+00:00,documented_adjusted_close_to_close_previous_NASDAQ_session_close,0,55,1,109,1,255,1,[],0,0,0,0,has_matches,255,2,0,1
2026-02-20,NVDA,1,0,1,0,0,0,1pct_up,2026-02-19,2026-02-19T21:00:00+00:00,2026-02-19T16:00:00-05:00,2026-02-20T21:00:00+00:00,documented_adjusted_close_to_close_previous_NASDAQ_session_close,0,72,1,216,1,327,1,[],0,0,0,0,has_matches,327,4,0,1
2026-02-25,NVDA,1,0,1,0,0,0,1pct_up,2026-02-24,2026-02-24T21:00:00+00:00,2026-02-24T16:00:00-05:00,2026-02-25T21:00:00+00:00,documented_adjusted_close_to_close_previous_NASDAQ_session_close,0,98,1,205,1,451,1,[],0,0,0,0,has_matches,451,3,0,1
2026-02-26,NVDA,-1,-1,0,1,0,1,1pct_down|5pct_down,2026-02-25,2026-02-25T21:00:00+00:00,2026-02-25T16:00:00-05:00,2026-02-26T21:00:00+00:00,documented_adjusted_close_to_close_previous_NASDAQ_session_close,0,131,1,311,1,493,1,[],0,0,0,0,has_matches,493,3,0,1
2026-02-27,NVDA,-1,0,0,1,0,0,1pct_down,2026-02-26,2026-02-26T21:00:00+00:00,2026-02-26T16:00:00-05:00,2026-02-27T21:00:00+00:00,documented_adjusted_close_to_close_previous_NASDAQ_session_close,0,200,0,429,0,621,0,"[{""date_utc"":""2026-02-26"",""state"":""success_truncation_suspected"",""tickers"":[""NVDA""]}]",0,0,0,1,has_matches,621,4,0,1
2026-03-02,NVDA,1,0,1,0,0,0,1pct_up,2026-02-27,2026-02-27T21:00:00+00:00,2026-02-27T16:00:00-05:00,2026-03-02T21:00:00+00:00,documented_adjusted_close_to_close_previous_NASDAQ_session_close,0,118,0,449,0,680,0,"[{""date_utc"":""2026-02-26"",""state"":""success_truncation_suspected"",""tickers"":[""NVDA""]}]",0,0,0,1,has_matches,680,6,0,1
2026-03-03,NVDA,-1,0,0,1,0,0,1pct_down,2026-03-02,2026-03-02T21:00:00+00:00,2026-03-02T16:00:00-05:00,2026-03-03T21:00:00+00:00,documented_adjusted_close_to_close_previous_NASDAQ_session_close,0,68,1,117,1,664,0,"[{""date_utc"":""2026-02-26"",""state"":""success_truncation_suspected"",""tickers"":[""NVDA""]}]",0,0,0,1,has_matches,664,6,0,1
2026-03-04,NVDA,1,0,1,0,0,0,1pct_up,2026-03-03,2026-03-03T21:00:00+00:00,2026-03-03T16:00:00-05:00,2026-03-04T21:00:00+00:00,documented_adjusted_close_to_close_previous_NASDAQ_session_close,0,66,1,151,1,632,0,"[{""date_utc"":""2026-02-26"",""state"":""success_truncation_suspected"",""tickers"":[""NVDA""]}]",0,0,0,1,has_matches,632,5,0,1
2026-03-06,NVDA,-1,0,0,1,0,0,1pct_down,2026-03-05,2026-03-05T21:00:00+00:00,2026-03-05T16:00:00-05:00,2026-03-06T21:00:00+00:00,documented_adjusted_close_to_close_previous_NASDAQ_session_close,0,78,1,206,1,441,0,"[{""date_utc"":""2026-02-26"",""state"":""success_truncation_suspected"",""tickers"":[""NVDA""]}]",0,0,0,1,has_matches,441,5,0,1
2026-03-09,NVDA,1,0,1,0,0,0,1pct_up,2026-03-06,2026-03-06T21:00:00+00:00,2026-03-06T16:00:00-05:00,2026-03-09T20:00:00+00:00,documented_adjusted_close_to_close_previous_NASDAQ_session_close,0,61,1,201,1,384,1,[],0,0,0,0,has_matches,384,3,0,1
2026-03-10,NVDA,1,0,1,0,0,0,1pct_up,2026-03-09,2026-03-09T20:00:00+00:00,2026-03-09T16:00:00-04:00,2026-03-10T20:00:00+00:00,documented_adjusted_close_to_close_previous_NASDAQ_session_close,0,65,1,111,1,378,1,[],0,0,0,0,has_matches,378,3,0,1
2026-03-12,NVDA,-1,0,0,1,0,0,1pct_down,2026-03-11,2026-03-11T20:00:00+00:00,2026-03-11T16:00:00-04:00,2026-03-12T20:00:00+00:00,documented_adjusted_close_to_close_previous_NASDAQ_session_close,0,80,1,219,1,404,1,[],0,0,0,0,has_matches,404,2,0,1
2026-03-13,NVDA,-1,0,0,1,0,0,1pct_down,2026-03-12,2026-03-12T20:00:00+00:00,2026-03-12T16:00:00-04:00,2026-03-13T20:00:00+00:00,documented_adjusted_close_to_close_previous_NASDAQ_session_close,0,60,1,214,1,386,1,[],0,0,0,0,has_matches,386,0,0,1
2026-03-16,NVDA,1,0,1,0,0,0,1pct_up,2026-03-13,2026-03-13T20:00:00+00:00,2026-03-13T16:00:00-04:00,2026-03-16T20:00:00+00:00,documented_adjusted_close_to_close_previous_NASDAQ_session_close,0,61,1,201,1,386,1,[],0,0,0,0,has_matches,386,0,0,1
2026-03-19,NVDA,-1,0,0,1,0,0,1pct_down,2026-03-18,2026-03-18T20:00:00+00:00,2026-03-18T16:00:00-04:00,2026-03-19T20:00:00+00:00,documented_adjusted_close_to_close_previous_NASDAQ_session_close,0,137,0,438,0,615,0,"[{""date_utc"":""2026-03-17"",""state"":""success_truncation_suspected"",""tickers"":[""NVDA""]},{""date_utc"":""2026-03-18"",""state"":""success_truncation_suspected"",""tickers"":[""NVDA""]}]",0,0,0,1,has_matches,615,4,0,1
2026-03-20,NVDA,-1,0,0,1,0,0,1pct_down,2026-03-19,2026-03-19T20:00:00+00:00,2026-03-19T16:00:00-04:00,2026-03-20T20:00:00+00:00,documented_adjusted_close_to_close_previous_NASDAQ_session_close,0,89,0,397,0,644,0,"[{""date_utc"":""2026-03-17"",""state"":""success_truncation_suspected"",""tickers"":[""NVDA""]},{""date_utc"":""2026-03-18"",""state"":""success_truncation_suspected"",""tickers"":[""NVDA""]}]",0,0,0,1,has_matches,644,5,0,1
2026-03-23,NVDA,1,0,1,0,0,0,1pct_up,2026-03-20,2026-03-20T20:00:00+00:00,2026-03-20T16:00:00-04:00,2026-03-23T20:00:00+00:00,documented_adjusted_close_to_close_previous_NASDAQ_session_close,0,72,1,298,0,655,0,"[{""date_utc"":""2026-03-17"",""state"":""success_truncation_suspected"",""tickers"":[""NVDA""]},{""date_utc"":""2026-03-18"",""state"":""success_truncation_suspected"",""tickers"":[""NVDA""]}]",0,0,0,1,has_matches,655,6,0,1
2026-03-25,NVDA,1,0,1,0,0,0,1pct_up,2026-03-24,2026-03-24T20:00:00+00:00,2026-03-24T16:00:00-04:00,2026-03-25T20:00:00+00:00,documented_adjusted_close_to_close_previous_NASDAQ_session_close,0,63,1,142,1,482,0,"[{""date_utc"":""2026-03-17"",""state"":""success_truncation_suspected"",""tickers"":[""NVDA""]},{""date_utc"":""2026-03-18"",""state"":""success_truncation_suspected"",""tickers"":[""NVDA""]}]",0,0,0,1,has_matches,482,2,0,1
2026-03-26,NVDA,-1,0,0,1,0,0,1pct_down,2026-03-25,2026-03-25T20:00:00+00:00,2026-03-25T16:00:00-04:00,2026-03-26T20:00:00+00:00,documented_adjusted_close_to_close_previous_NASDAQ_session_close,0,66,1,185,1,411,0,"[{""date_utc"":""2026-03-18"",""state"":""success_truncation_suspected"",""tickers"":[""NVDA""]}]",0,0,0,1,has_matches,411,2,0,1
2026-03-27,NVDA,-1,0,0,1,0,0,1pct_down,2026-03-26,2026-03-26T20:00:00+00:00,2026-03-26T16:00:00-04:00,2026-03-27T20:00:00+00:00,documented_adjusted_close_to_close_previous_NASDAQ_session_close,0,67,1,196,1,389,1,[],0,0,0,0,has_matches,389,2,0,1
2026-03-30,NVDA,-1,0,0,1,0,0,1pct_down,2026-03-27,2026-03-27T20:00:00+00:00,2026-03-27T16:00:00-04:00,2026-03-30T20:00:00+00:00,documented_adjusted_close_to_close_previous_NASDAQ_session_close,0,48,1,181,1,365,1,[],0,0,0,0,has_matches,365,1,0,1
2026-03-31,NVDA,1,1,1,0,1,0,1pct_up|5pct_up,2026-03-30,2026-03-30T20:00:00+00:00,2026-03-30T16:00:00-04:00,2026-03-31T20:00:00+00:00,documented_adjusted_close_to_close_previous_NASDAQ_session_close,0,60,1,96,1,340,1,[],0,0,0,0,has_matches,340,2,0,1
2026-04-08,NVDA,1,0,1,0,0,0,1pct_up,2026-04-07,2026-04-07T20:00:00+00:00,2026-04-07T16:00:00-04:00,2026-04-08T20:00:00+00:00,documented_adjusted_close_to_close_previous_NASDAQ_session_close,0,59,1,112,1,271,1,[],0,0,0,0,has_matches,271,0,0,1
2026-04-09,NVDA,1,0,1,0,0,0,1pct_up,2026-04-08,2026-04-08T20:00:00+00:00,2026-04-08T16:00:00-04:00,2026-04-09T20:00:00+00:00,documented_adjusted_close_to_close_previous_NASDAQ_session_close,0,50,1,146,1,247,1,[],0,0,0,0,has_matches,247,1,0,1
2026-04-10,NVDA,1,0,1,0,0,0,1pct_up,2026-04-09,2026-04-09T20:00:00+00:00,2026-04-09T16:00:00-04:00,2026-04-10T20:00:00+00:00,documented_adjusted_close_to_close_previous_NASDAQ_session_close,0,61,1,170,1,268,1,[],0,0,0,0,has_matches,268,2,0,1
2026-04-14,NVDA,1,0,1,0,0,0,1pct_up,2026-04-13,2026-04-13T20:00:00+00:00,2026-04-13T16:00:00-04:00,2026-04-14T20:00:00+00:00,documented_adjusted_close_to_close_previous_NASDAQ_session_close,0,37,1,69,1,290,1,[],0,0,0,0,has_matches,290,4,0,1
2026-04-15,NVDA,1,0,1,0,0,0,1pct_up,2026-04-14,2026-04-14T20:00:00+00:00,2026-04-14T16:00:00-04:00,2026-04-15T20:00:00+00:00,documented_adjusted_close_to_close_previous_NASDAQ_session_close,0,72,1,122,1,303,1,[],0,0,0,0,has_matches,303,5,0,1
2026-04-17,NVDA,1,0,1,0,0,0,1pct_up,2026-04-16,2026-04-16T20:00:00+00:00,2026-04-16T16:00:00-04:00,2026-04-17T20:00:00+00:00,documented_adjusted_close_to_close_previous_NASDAQ_session_close,0,70,1,224,1,344,1,[],0,0,0,0,has_matches,344,4,0,1
2026-04-21,NVDA,-1,0,0,1,0,0,1pct_down,2026-04-20,2026-04-20T20:00:00+00:00,2026-04-20T16:00:00-04:00,2026-04-21T20:00:00+00:00,documented_adjusted_close_to_close_previous_NASDAQ_session_close,0,58,1,101,1,378,1,[],0,0,0,0,has_matches,378,3,0,1
2026-04-22,NVDA,1,0,1,0,0,0,1pct_up,2026-04-21,2026-04-21T20:00:00+00:00,2026-04-21T16:00:00-04:00,2026-04-22T20:00:00+00:00,documented_adjusted_close_to_close_previous_NASDAQ_session_close,0,59,1,134,1,365,1,[],0,0,0,0,has_matches,365,2,0,1
2026-04-23,NVDA,-1,0,0,1,0,0,1pct_down,2026-04-22,2026-04-22T20:00:00+00:00,2026-04-22T16:00:00-04:00,2026-04-23T20:00:00+00:00,documented_adjusted_close_to_close_previous_NASDAQ_session_close,0,71,1,188,1,354,1,[],0,0,0,0,has_matches,354,1,0,1
2026-04-24,NVDA,1,0,1,0,0,0,1pct_up,2026-04-23,2026-04-23T20:00:00+00:00,2026-04-23T16:00:00-04:00,2026-04-24T20:00:00+00:00,documented_adjusted_close_to_close_previous_NASDAQ_session_close,0,61,1,191,1,345,1,[],0,0,0,0,has_matches,345,2,0,1
2026-04-27,NVDA,1,0,1,0,0,0,1pct_up,2026-04-24,2026-04-24T20:00:00+00:00,2026-04-24T16:00:00-04:00,2026-04-27T20:00:00+00:00,documented_adjusted_close_to_close_previous_NASDAQ_session_close,0,51,1,183,1,343,1,[],0,0,0,0,has_matches,343,2,0,1
2026-04-28,NVDA,-1,0,0,1,0,0,1pct_down,2026-04-27,2026-04-27T20:00:00+00:00,2026-04-27T16:00:00-04:00,2026-04-28T20:00:00+00:00,documented_adjusted_close_to_close_previous_NASDAQ_session_close,0,62,1,102,1,344,1,[],0,0,0,0,has_matches,344,2,0,1
2026-04-29,NVDA,-1,0,0,1,0,0,1pct_down,2026-04-28,2026-04-28T20:00:00+00:00,2026-04-28T16:00:00-04:00,2026-04-29T20:00:00+00:00,documented_adjusted_close_to_close_previous_NASDAQ_session_close,0,65,1,142,1,350,1,[],0,0,0,0,has_matches,350,3,0,1
2026-04-30,NVDA,-1,0,0,1,0,0,1pct_down,2026-04-29,2026-04-29T20:00:00+00:00,2026-04-29T16:00:00-04:00,2026-04-30T20:00:00+00:00,documented_adjusted_close_to_close_previous_NASDAQ_session_close,0,45,1,172,1,324,1,[],0,0,0,0,has_matches,324,3,0,1
2026-05-06,NVDA,1,1,1,0,1,0,1pct_up|5pct_up,2026-05-05,2026-05-05T20:00:00+00:00,2026-05-05T16:00:00-04:00,2026-05-06T20:00:00+00:00,documented_adjusted_close_to_close_previous_NASDAQ_session_close,0,0,0,0,0,162,0,"[{""date_utc"":""2026-05-02"",""state"":""outside_collected_date_range"",""tickers"":[""AMD"",""AMZN"",""AVGO"",""GOOGL"",""META"",""MSFT"",""MU"",""NVDA"",""TSM""]},{""date_utc"":""2026-05-03"",""state"":""outside_collected_date_range"",""tickers"":[""AMD"",""AMZN"",""AVGO"",""GOOGL"",""META"",""MSFT"",""MU"",""NVDA"",""TSM""]},{""date_utc"":""2026-05-04"",""state"":""outside_collected_date_range"",""tickers"":[""AMD"",""AMZN"",""AVGO"",""GOOGL"",""META"",""MSFT"",""MU"",""NVDA"",""TSM""]},{""date_utc"":""2026-05-05"",""state"":""outside_collected_date_range"",""tickers"":[""AMD"",""AMZN"",""AVGO"",""GOOGL"",""META"",""MSFT"",""MU"",""NVDA"",""TSM""]}]",0,1,1,0,has_matches,162,2,0,1
2026-05-07,NVDA,1,0,1,0,0,0,1pct_up,2026-05-06,2026-05-06T20:00:00+00:00,2026-05-06T16:00:00-04:00,2026-05-07T20:00:00+00:00,documented_adjusted_close_to_close_previous_NASDAQ_session_close,0,0,0,0,0,117,0,"[{""date_utc"":""2026-05-02"",""state"":""outside_collected_date_range"",""tickers"":[""AMD"",""AMZN"",""AVGO"",""GOOGL"",""META"",""MSFT"",""MU"",""NVDA"",""TSM""]},{""date_utc"":""2026-05-03"",""state"":""outside_collected_date_range"",""tickers"":[""AMD"",""AMZN"",""AVGO"",""GOOGL"",""META"",""MSFT"",""MU"",""NVDA"",""TSM""]},{""date_utc"":""2026-05-04"",""state"":""outside_collected_date_range"",""tickers"":[""AMD"",""AMZN"",""AVGO"",""GOOGL"",""META"",""MSFT"",""MU"",""NVDA"",""TSM""]},{""date_utc"":""2026-05-05"",""state"":""outside_collected_date_range"",""tickers"":[""AMD"",""AMZN"",""AVGO"",""GOOGL"",""META"",""MSFT"",""MU"",""NVDA"",""TSM""]},{""date_utc"":""2026-05-06"",""state"":""outside_collected_date_range"",""tickers"":[""AMD"",""AMZN"",""AVGO"",""GOOGL"",""META"",""MSFT"",""MU"",""NVDA"",""TSM""]}]",0,1,1,0,has_matches,117,2,0,1
2026-05-08,NVDA,1,0,1,0,0,0,1pct_up,2026-05-07,2026-05-07T20:00:00+00:00,2026-05-07T16:00:00-04:00,2026-05-08T20:00:00+00:00,documented_adjusted_close_to_close_previous_NASDAQ_session_close,0,0,0,0,0,56,0,"[{""date_utc"":""2026-05-02"",""state"":""outside_collected_date_range"",""tickers"":[""AMD"",""AMZN"",""AVGO"",""GOOGL"",""META"",""MSFT"",""MU"",""NVDA"",""TSM""]},{""date_utc"":""2026-05-03"",""state"":""outside_collected_date_range"",""tickers"":[""AMD"",""AMZN"",""AVGO"",""GOOGL"",""META"",""MSFT"",""MU"",""NVDA"",""TSM""]},{""date_utc"":""2026-05-04"",""state"":""outside_collected_date_range"",""tickers"":[""AMD"",""AMZN"",""AVGO"",""GOOGL"",""META"",""MSFT"",""MU"",""NVDA"",""TSM""]},{""date_utc"":""2026-05-05"",""state"":""outside_collected_date_range"",""tickers"":[""AMD"",""AMZN"",""AVGO"",""GOOGL"",""META"",""MSFT"",""MU"",""NVDA"",""TSM""]},{""date_utc"":""2026-05-06"",""state"":""outside_collected_date_range"",""tickers"":[""AMD"",""AMZN"",""AVGO"",""GOOGL"",""META"",""MSFT"",""MU"",""NVDA"",""TSM""]},{""date_utc"":""2026-05-07"",""state"":""outside_collected_date_range"",""tickers"":[""AMD"",""AMZN"",""AVGO"",""GOOGL"",""META"",""MSFT"",""MU"",""NVDA"",""TSM""]}]",0,1,1,0,has_matches,56,0,0,1
2026-05-11,NVDA,1,0,1,0,0,0,1pct_up,2026-05-08,2026-05-08T20:00:00+00:00,2026-05-08T16:00:00-04:00,2026-05-11T20:00:00+00:00,documented_adjusted_close_to_close_previous_NASDAQ_session_close,0,0,0,0,0,3,0,"[{""date_utc"":""2026-05-02"",""state"":""outside_collected_date_range"",""tickers"":[""AMD"",""AMZN"",""AVGO"",""GOOGL"",""META"",""MSFT"",""MU"",""NVDA"",""TSM""]},{""date_utc"":""2026-05-03"",""state"":""outside_collected_date_range"",""tickers"":[""AMD"",""AMZN"",""AVGO"",""GOOGL"",""META"",""MSFT"",""MU"",""NVDA"",""TSM""]},{""date_utc"":""2026-05-04"",""state"":""outside_collected_date_range"",""tickers"":[""AMD"",""AMZN"",""AVGO"",""GOOGL"",""META"",""MSFT"",""MU"",""NVDA"",""TSM""]},{""date_utc"":""2026-05-05"",""state"":""outside_collected_date_range"",""tickers"":[""AMD"",""AMZN"",""AVGO"",""GOOGL"",""META"",""MSFT"",""MU"",""NVDA"",""TSM""]},{""date_utc"":""2026-05-06"",""state"":""outside_collected_date_range"",""tickers"":[""AMD"",""AMZN"",""AVGO"",""GOOGL"",""META"",""MSFT"",""MU"",""NVDA"",""TSM""]},{""date_utc"":""2026-05-07"",""state"":""outside_collected_date_range"",""tickers"":[""AMD"",""AMZN"",""AVGO"",""GOOGL"",""META"",""MSFT"",""MU"",""NVDA"",""TSM""]},{""date_utc"":""2026-05-08"",""state"":""outside_collected_date_range"",""tickers"":[""AMD"",""AMZN"",""AVGO"",""GOOGL"",""META"",""MSFT"",""MU"",""NVDA"",""TSM""]}]",0,1,1,0,has_matches,3,0,0,1
2026-05-13,NVDA,1,0,1,0,0,0,1pct_up,2026-05-12,2026-05-12T20:00:00+00:00,2026-05-12T16:00:00-04:00,2026-05-13T20:00:00+00:00,documented_adjusted_close_to_close_previous_NASDAQ_session_close,0,0,0,0,0,0,0,"[{""date_utc"":""2026-05-05"",""state"":""outside_collected_date_range"",""tickers"":[""AMD"",""AMZN"",""AVGO"",""GOOGL"",""META"",""MSFT"",""MU"",""NVDA"",""TSM""]},{""date_utc"":""2026-05-06"",""state"":""outside_collected_date_range"",""tickers"":[""AMD"",""AMZN"",""AVGO"",""GOOGL"",""META"",""MSFT"",""MU"",""NVDA"",""TSM""]},{""date_utc"":""2026-05-07"",""state"":""outside_collected_date_range"",""tickers"":[""AMD"",""AMZN"",""AVGO"",""GOOGL"",""META"",""MSFT"",""MU"",""NVDA"",""TSM""]},{""date_utc"":""2026-05-08"",""state"":""outside_collected_date_range"",""tickers"":[""AMD"",""AMZN"",""AVGO"",""GOOGL"",""META"",""MSFT"",""MU"",""NVDA"",""TSM""]},{""date_utc"":""2026-05-09"",""state"":""outside_collected_date_range"",""tickers"":[""AMD"",""AMZN"",""AVGO"",""GOOGL"",""META"",""MSFT"",""MU"",""NVDA"",""TSM""]},{""date_utc"":""2026-05-10"",""state"":""outside_collected_date_range"",""tickers"":[""AMD"",""AMZN"",""AVGO"",""GOOGL"",""META"",""MSFT"",""MU"",""NVDA"",""TSM""]},{""date_utc"":""2026-05-11"",""state"":""outside_collected_date_range"",""tickers"":[""AMD"",""AMZN"",""AVGO"",""GOOGL"",""META"",""MSFT"",""MU"",""NVDA"",""TSM""]},{""date_utc"":""2026-05-12"",""state"":""outside_collected_date_range"",""tickers"":[""AMD"",""AMZN"",""AVGO"",""GOOGL"",""META"",""MSFT"",""MU"",""NVDA"",""TSM""]}]",0,1,1,0,zero_matches_with_collection_gap_or_uncertainty,0,0,0,1
2026-05-14,NVDA,1,0,1,0,0,0,1pct_up,2026-05-13,2026-05-13T20:00:00+00:00,2026-05-13T16:00:00-04:00,2026-05-14T20:00:00+00:00,documented_adjusted_close_to_close_previous_NASDAQ_session_close,0,0,0,0,0,0,0,"[{""date_utc"":""2026-05-06"",""state"":""outside_collected_date_range"",""tickers"":[""AMD"",""AMZN"",""AVGO"",""GOOGL"",""META"",""MSFT"",""MU"",""NVDA"",""TSM""]},{""date_utc"":""2026-05-07"",""state"":""outside_collected_date_range"",""tickers"":[""AMD"",""AMZN"",""AVGO"",""GOOGL"",""META"",""MSFT"",""MU"",""NVDA"",""TSM""]},{""date_utc"":""2026-05-08"",""state"":""outside_collected_date_range"",""tickers"":[""AMD"",""AMZN"",""AVGO"",""GOOGL"",""META"",""MSFT"",""MU"",""NVDA"",""TSM""]},{""date_utc"":""2026-05-09"",""state"":""outside_collected_date_range"",""tickers"":[""AMD"",""AMZN"",""AVGO"",""GOOGL"",""META"",""MSFT"",""MU"",""NVDA"",""TSM""]},{""date_utc"":""2026-05-10"",""state"":""outside_collected_date_range"",""tickers"":[""AMD"",""AMZN"",""AVGO"",""GOOGL"",""META"",""MSFT"",""MU"",""NVDA"",""TSM""]},{""date_utc"":""2026-05-11"",""state"":""outside_collected_date_range"",""tickers"":[""AMD"",""AMZN"",""AVGO"",""GOOGL"",""META"",""MSFT"",""MU"",""NVDA"",""TSM""]},{""date_utc"":""2026-05-12"",""state"":""outside_collected_date_range"",""tickers"":[""AMD"",""AMZN"",""AVGO"",""GOOGL"",""META"",""MSFT"",""MU"",""NVDA"",""TSM""]},{""date_utc"":""2026-05-13"",""state"":""outside_collected_date_range"",""tickers"":[""AMD"",""AMZN"",""AVGO"",""GOOGL"",""META"",""MSFT"",""MU"",""NVDA"",""TSM""]}]",0,1,1,0,zero_matches_with_collection_gap_or_uncertainty,0,0,0,1
2026-05-15,NVDA,-1,0,0,1,0,0,1pct_down,2026-05-14,2026-05-14T20:00:00+00:00,2026-05-14T16:00:00-04:00,2026-05-15T20:00:00+00:00,documented_adjusted_close_to_close_previous_NASDAQ_session_close,0,0,0,0,0,0,0,"[{""date_utc"":""2026-05-07"",""state"":""outside_collected_date_range"",""tickers"":[""AMD"",""AMZN"",""AVGO"",""GOOGL"",""META"",""MSFT"",""MU"",""NVDA"",""TSM""]},{""date_utc"":""2026-05-08"",""state"":""outside_collected_date_range"",""tickers"":[""AMD"",""AMZN"",""AVGO"",""GOOGL"",""META"",""MSFT"",""MU"",""NVDA"",""TSM""]},{""date_utc"":""2026-05-09"",""state"":""outside_collected_date_range"",""tickers"":[""AMD"",""AMZN"",""AVGO"",""GOOGL"",""META"",""MSFT"",""MU"",""NVDA"",""TSM""]},{""date_utc"":""2026-05-10"",""state"":""outside_collected_date_range"",""tickers"":[""AMD"",""AMZN"",""AVGO"",""GOOGL"",""META"",""MSFT"",""MU"",""NVDA"",""TSM""]},{""date_utc"":""2026-05-11"",""state"":""outside_collected_date_range"",""tickers"":[""AMD"",""AMZN"",""AVGO"",""GOOGL"",""META"",""MSFT"",""MU"",""NVDA"",""TSM""]},{""date_utc"":""2026-05-12"",""state"":""outside_collected_date_range"",""tickers"":[""AMD"",""AMZN"",""AVGO"",""GOOGL"",""META"",""MSFT"",""MU"",""NVDA"",""TSM""]},{""date_utc"":""2026-05-13"",""state"":""outside_collected_date_range"",""tickers"":[""AMD"",""AMZN"",""AVGO"",""GOOGL"",""META"",""MSFT"",""MU"",""NVDA"",""TSM""]},{""date_utc"":""2026-05-14"",""state"":""outside_collected_date_range"",""tickers"":[""AMD"",""AMZN"",""AVGO"",""GOOGL"",""META"",""MSFT"",""MU"",""NVDA"",""TSM""]}]",0,1,1,0,zero_matches_with_collection_gap_or_uncertainty,0,0,0,1
