model,c,fold,train_start,train_end,validation_start,validation_end,train_down,train_neutral,train_up,validation_down,validation_neutral,validation_up,n,accuracy,balanced_accuracy,macro_f1,log_loss,macro_ovr_auc
class_prior,,1,2025-10-02,2025-11-18,2025-11-19,2025-12-12,8,18,8,3,11,3,17,0.6470588235294118,0.3333333333333333,0.2619047619047619,0.9221994312669362,0.5
market_only,0.01,1,2025-10-02,2025-11-18,2025-11-19,2025-12-12,8,18,8,3,11,3,17,0.17647058823529413,0.25252525252525254,0.14017094017094017,1.0934651867920506,0.5468975468975469
market_only,0.1,1,2025-10-02,2025-11-18,2025-11-19,2025-12-12,8,18,8,3,11,3,17,0.23529411764705882,0.2828282828282828,0.18412698412698414,1.1619259245407187,0.5367965367965368
market_only,1.0,1,2025-10-02,2025-11-18,2025-11-19,2025-12-12,8,18,8,3,11,3,17,0.23529411764705882,0.2828282828282828,0.18412698412698414,1.4239283527379842,0.512987012987013
market_only,10.0,1,2025-10-02,2025-11-18,2025-11-19,2025-12-12,8,18,8,3,11,3,17,0.23529411764705882,0.2828282828282828,0.18412698412698414,1.5484622234801548,0.518037518037518
tfidf_only,0.01,1,2025-10-02,2025-11-18,2025-11-19,2025-12-12,8,18,8,3,11,3,17,0.23529411764705882,0.2828282828282828,0.18412698412698414,1.0986956390692424,0.49134199134199125
tfidf_only,0.1,1,2025-10-02,2025-11-18,2025-11-19,2025-12-12,8,18,8,3,11,3,17,0.29411764705882354,0.3131313131313131,0.22857142857142856,1.0989388664959963,0.5014430014430014
tfidf_only,1.0,1,2025-10-02,2025-11-18,2025-11-19,2025-12-12,8,18,8,3,11,3,17,0.29411764705882354,0.3131313131313131,0.22857142857142856,1.1000693224562852,0.4956709956709957
tfidf_only,10.0,1,2025-10-02,2025-11-18,2025-11-19,2025-12-12,8,18,8,3,11,3,17,0.47058823529411764,0.404040404040404,0.3333333333333333,1.119581376855896,0.5108225108225107
market_plus_tfidf,0.01,1,2025-10-02,2025-11-18,2025-11-19,2025-12-12,8,18,8,3,11,3,17,0.17647058823529413,0.25252525252525254,0.14017094017094017,1.0935891380548837,0.5468975468975469
market_plus_tfidf,0.1,1,2025-10-02,2025-11-18,2025-11-19,2025-12-12,8,18,8,3,11,3,17,0.23529411764705882,0.2828282828282828,0.18412698412698414,1.1619488230969781,0.5317460317460317
market_plus_tfidf,1.0,1,2025-10-02,2025-11-18,2025-11-19,2025-12-12,8,18,8,3,11,3,17,0.23529411764705882,0.2828282828282828,0.18412698412698414,1.4319531832362464,0.4891774891774891
market_plus_tfidf,10.0,1,2025-10-02,2025-11-18,2025-11-19,2025-12-12,8,18,8,3,11,3,17,0.23529411764705882,0.2828282828282828,0.18412698412698414,1.811024691723206,0.4971139971139971
class_prior,,2,2025-10-02,2025-12-12,2025-12-15,2026-01-08,11,29,11,2,13,2,17,0.7647058823529411,0.3333333333333333,0.2888888888888889,0.7926240514879938,0.5
market_only,0.01,2,2025-10-02,2025-12-12,2025-12-15,2026-01-08,11,29,11,2,13,2,17,0.29411764705882354,0.4102564102564103,0.21388888888888888,1.0742859332843644,0.547008547008547
market_only,0.1,2,2025-10-02,2025-12-12,2025-12-15,2026-01-08,11,29,11,2,13,2,17,0.47058823529411764,0.4871794871794872,0.3111111111111111,1.0665182375493114,0.5465811965811965
market_only,1.0,2,2025-10-02,2025-12-12,2025-12-15,2026-01-08,11,29,11,2,13,2,17,0.47058823529411764,0.4871794871794872,0.3111111111111111,1.0973059915094086,0.5128205128205128
market_only,10.0,2,2025-10-02,2025-12-12,2025-12-15,2026-01-08,11,29,11,2,13,2,17,0.47058823529411764,0.4871794871794872,0.3111111111111111,1.105028002479111,0.5128205128205128
tfidf_only,0.01,2,2025-10-02,2025-12-12,2025-12-15,2026-01-08,11,29,11,2,13,2,17,0.5294117647058824,0.23076923076923075,0.25,1.0976167460975355,0.46239316239316247
tfidf_only,0.1,2,2025-10-02,2025-12-12,2025-12-15,2026-01-08,11,29,11,2,13,2,17,0.5294117647058824,0.23076923076923075,0.25,1.0887633809604098,0.46239316239316247
tfidf_only,1.0,2,2025-10-02,2025-12-12,2025-12-15,2026-01-08,11,29,11,2,13,2,17,0.5882352941176471,0.25641025641025644,0.26666666666666666,1.0214125701904875,0.4495726495726496
tfidf_only,10.0,2,2025-10-02,2025-12-12,2025-12-15,2026-01-08,11,29,11,2,13,2,17,0.7058823529411765,0.3076923076923077,0.2857142857142857,0.8901847227001644,0.46880341880341875
market_plus_tfidf,0.01,2,2025-10-02,2025-12-12,2025-12-15,2026-01-08,11,29,11,2,13,2,17,0.29411764705882354,0.4102564102564103,0.21388888888888888,1.0735120888185583,0.547008547008547
market_plus_tfidf,0.1,2,2025-10-02,2025-12-12,2025-12-15,2026-01-08,11,29,11,2,13,2,17,0.47058823529411764,0.4871794871794872,0.3111111111111111,1.0576111703935296,0.5623931623931624
market_plus_tfidf,1.0,2,2025-10-02,2025-12-12,2025-12-15,2026-01-08,11,29,11,2,13,2,17,0.4117647058823529,0.32051282051282054,0.24848484848484845,1.0324345814414428,0.523931623931624
market_plus_tfidf,10.0,2,2025-10-02,2025-12-12,2025-12-15,2026-01-08,11,29,11,2,13,2,17,0.4117647058823529,0.1794871794871795,0.2028985507246377,0.9874503831739867,0.4777777777777777
class_prior,,3,2025-10-02,2026-01-08,2026-01-09,2026-02-03,13,42,13,3,12,2,17,0.7058823529411765,0.3333333333333333,0.27586206896551724,0.8267558106638653,0.5
market_only,0.01,3,2025-10-02,2026-01-08,2026-01-09,2026-02-03,13,42,13,3,12,2,17,0.5294117647058824,0.25,0.23076923076923075,1.1068289999319425,0.1119047619047619
market_only,0.1,3,2025-10-02,2026-01-08,2026-01-09,2026-02-03,13,42,13,3,12,2,17,0.5294117647058824,0.25,0.23076923076923075,1.1475274611978867,0.06190476190476191
market_only,1.0,3,2025-10-02,2026-01-08,2026-01-09,2026-02-03,13,42,13,3,12,2,17,0.5294117647058824,0.25,0.23076923076923075,1.1956019894781145,0.06190476190476191
market_only,10.0,3,2025-10-02,2026-01-08,2026-01-09,2026-02-03,13,42,13,3,12,2,17,0.5294117647058824,0.25,0.23076923076923075,1.2074461799411036,0.06984126984126983
tfidf_only,0.01,3,2025-10-02,2026-01-08,2026-01-09,2026-02-03,13,42,13,3,12,2,17,0.35294117647058826,0.16666666666666666,0.19047619047619047,1.0984535795954928,0.3
tfidf_only,0.1,3,2025-10-02,2026-01-08,2026-01-09,2026-02-03,13,42,13,3,12,2,17,0.35294117647058826,0.16666666666666666,0.19047619047619047,1.096777184332027,0.3055555555555556
tfidf_only,1.0,3,2025-10-02,2026-01-08,2026-01-09,2026-02-03,13,42,13,3,12,2,17,0.47058823529411764,0.2222222222222222,0.2318840579710145,1.076702826883067,0.3214285714285714
tfidf_only,10.0,3,2025-10-02,2026-01-08,2026-01-09,2026-02-03,13,42,13,3,12,2,17,0.5882352941176471,0.2777777777777778,0.25641025641025644,1.036152476416467,0.3952380952380952
market_plus_tfidf,0.01,3,2025-10-02,2026-01-08,2026-01-09,2026-02-03,13,42,13,3,12,2,17,0.5294117647058824,0.25,0.23076923076923075,1.1065814473326403,0.10079365079365078
market_plus_tfidf,0.1,3,2025-10-02,2026-01-08,2026-01-09,2026-02-03,13,42,13,3,12,2,17,0.5294117647058824,0.25,0.23076923076923075,1.145781042656484,0.04285714285714285
market_plus_tfidf,1.0,3,2025-10-02,2026-01-08,2026-01-09,2026-02-03,13,42,13,3,12,2,17,0.5294117647058824,0.25,0.23076923076923075,1.1913260128036125,0.05396825396825397
market_plus_tfidf,10.0,3,2025-10-02,2026-01-08,2026-01-09,2026-02-03,13,42,13,3,12,2,17,0.47058823529411764,0.2222222222222222,0.21333333333333335,1.297975596918094,0.15317460317460316
class_prior,,4,2025-10-02,2026-02-03,2026-02-04,2026-02-27,16,54,15,4,11,2,17,0.6470588235294118,0.3333333333333333,0.2619047619047619,0.8905759739391068,0.5
market_only,0.01,4,2025-10-02,2026-02-03,2026-02-04,2026-02-27,16,54,15,4,11,2,17,0.11764705882352941,0.11363636363636365,0.09206349206349207,1.136391511367581,0.3797202797202797
market_only,0.1,4,2025-10-02,2026-02-03,2026-02-04,2026-02-27,16,54,15,4,11,2,17,0.17647058823529413,0.196969696969697,0.1365079365079365,1.2321721856663856,0.404001554001554
market_only,1.0,4,2025-10-02,2026-02-03,2026-02-04,2026-02-27,16,54,15,4,11,2,17,0.17647058823529413,0.196969696969697,0.1365079365079365,1.2798515673507846,0.43803418803418803
market_only,10.0,4,2025-10-02,2026-02-03,2026-02-04,2026-02-27,16,54,15,4,11,2,17,0.17647058823529413,0.196969696969697,0.1365079365079365,1.2868946596463036,0.4552059052059052
tfidf_only,0.01,4,2025-10-02,2026-02-03,2026-02-04,2026-02-27,16,54,15,4,11,2,17,0.4117647058823529,0.37121212121212127,0.33868092691622104,1.0979401020560566,0.4918026418026418
tfidf_only,0.1,4,2025-10-02,2026-02-03,2026-02-04,2026-02-27,16,54,15,4,11,2,17,0.4117647058823529,0.37121212121212127,0.33868092691622104,1.0919562510676746,0.4968531468531469
tfidf_only,1.0,4,2025-10-02,2026-02-03,2026-02-04,2026-02-27,16,54,15,4,11,2,17,0.4117647058823529,0.3181818181818182,0.3087719298245614,1.0518503548721423,0.4793317793317793
tfidf_only,10.0,4,2025-10-02,2026-02-03,2026-02-04,2026-02-27,16,54,15,4,11,2,17,0.5882352941176471,0.35606060606060613,0.3333333333333333,1.0139495626720627,0.4601010101010101
market_plus_tfidf,0.01,4,2025-10-02,2026-02-03,2026-02-04,2026-02-27,16,54,15,4,11,2,17,0.11764705882352941,0.11363636363636365,0.09206349206349207,1.1355780074767263,0.3686091686091686
market_plus_tfidf,0.1,4,2025-10-02,2026-02-03,2026-02-04,2026-02-27,16,54,15,4,11,2,17,0.17647058823529413,0.196969696969697,0.1365079365079365,1.2228742757163875,0.40905205905205905
market_plus_tfidf,1.0,4,2025-10-02,2026-02-03,2026-02-04,2026-02-27,16,54,15,4,11,2,17,0.23529411764705882,0.28030303030303033,0.18095238095238098,1.213869922497204,0.4003108003108003
market_plus_tfidf,10.0,4,2025-10-02,2026-02-03,2026-02-04,2026-02-27,16,54,15,4,11,2,17,0.4117647058823529,0.26515151515151514,0.2510822510822511,1.186604979413356,0.41278166278166273
