trading_date,previous_close_utc,news_window_start_utc,adjusted_close_return_1d,large_move,prior_abs_return,prior_volatility_20d,article_count,word_ai,word_chip,word_earnings,word_infrastructure,word_demand,word_china,split,training_rate_probability,baseline_probability,news_model_probability
2025-10-07,2025-10-06T20:00:00+00:00,2025-10-03T20:00:00+00:00,-0.0026947807367321,0,0.0110863136242227,0.0194082570207775,44,41,15,1,6,2,0,train,,,
2025-10-08,2025-10-07T20:00:00+00:00,2025-10-04T20:00:00+00:00,0.021995326917785,1,0.0026947807367321,0.0193474977020312,86,79,37,1,10,5,1,train,,,
2025-10-09,2025-10-08T20:00:00+00:00,2025-10-05T20:00:00+00:00,0.0182962614037716,1,0.021995326917785,0.0181232509241833,143,141,46,3,17,10,3,train,,,
2025-10-10,2025-10-09T20:00:00+00:00,2025-10-06T20:00:00+00:00,-0.0488653589465695,1,0.0182962614037716,0.0183918588392992,170,170,39,8,21,18,3,train,,,
2025-10-13,2025-10-10T20:00:00+00:00,2025-10-07T20:00:00+00:00,0.0281721285841158,1,0.0488653589465695,0.0219075740735697,146,143,19,9,18,18,7,train,,,
2025-10-14,2025-10-13T20:00:00+00:00,2025-10-10T20:00:00+00:00,-0.0440208985478924,1,0.0281721285841158,0.0226807985778048,72,76,12,2,7,12,18,train,,,
2025-10-15,2025-10-14T20:00:00+00:00,2025-10-11T20:00:00+00:00,-0.0011109367543433,0,0.0440208985478924,0.0246951526223414,100,130,15,4,12,20,20,train,,,
2025-10-16,2025-10-15T20:00:00+00:00,2025-10-12T20:00:00+00:00,0.0110103867673609,1,0.0011109367543433,0.023819766463126,130,164,22,10,18,24,21,train,,,
2025-10-17,2025-10-16T20:00:00+00:00,2025-10-13T20:00:00+00:00,0.0077553572411068,0,0.0110103867673609,0.0227059094088418,136,160,17,22,17,26,10,train,,,
2025-10-20,2025-10-17T20:00:00+00:00,2025-10-14T20:00:00+00:00,-0.00316559069697,0,0.0077553572411068,0.0227448184217964,134,134,18,23,22,20,12,train,,,
2025-10-21,2025-10-20T20:00:00+00:00,2025-10-17T20:00:00+00:00,-0.0081033343670365,0,0.00316559069697,0.0210034637730847,36,36,13,2,6,4,3,train,,,
2025-10-22,2025-10-21T20:00:00+00:00,2025-10-18T20:00:00+00:00,-0.0048576821962211,0,0.0081033343670365,0.0200439087807645,56,43,13,11,2,2,1,train,,,
2025-10-23,2025-10-22T20:00:00+00:00,2025-10-19T20:00:00+00:00,0.0104282909282249,1,0.0048576821962211,0.0199778323223576,66,67,17,16,5,2,1,train,,,
2025-10-24,2025-10-23T20:00:00+00:00,2025-10-20T20:00:00+00:00,0.0225076525010907,1,0.0104282909282249,0.0200776143686003,69,68,15,21,4,7,1,train,,,
2025-10-27,2025-10-24T20:00:00+00:00,2025-10-21T20:00:00+00:00,0.0280790240409409,1,0.0225076525010907,0.0206241800794752,50,52,10,11,8,7,1,train,,,
2025-10-28,2025-10-27T20:00:00+00:00,2025-10-24T20:00:00+00:00,0.0498199048619694,1,0.0280790240409409,0.021037518722227,50,55,6,6,3,3,8,train,,,
2025-10-29,2025-10-28T20:00:00+00:00,2025-10-25T20:00:00+00:00,0.0298958839139344,1,0.0498199048619694,0.0230020861765872,104,109,18,12,9,5,9,train,,,
2025-10-30,2025-10-29T20:00:00+00:00,2025-10-26T20:00:00+00:00,-0.0200444114726338,1,0.0298958839139344,0.0237187832528511,201,203,39,28,15,16,22,train,,,
2025-10-31,2025-10-30T20:00:00+00:00,2025-10-27T20:00:00+00:00,-0.0019713802330344,0,0.0200444114726338,0.0243632777530792,209,204,49,32,18,17,27,train,,,
2025-11-03,2025-10-31T20:00:00+00:00,2025-10-28T20:00:00+00:00,0.0216800511954828,1,0.0019713802330344,0.0242776055192421,202,201,49,39,21,22,33,train,,,
2025-11-04,2025-11-03T21:00:00+00:00,2025-10-31T21:00:00+00:00,-0.0395881671927399,1,0.0216800511954828,0.024304280851539,82,76,12,12,14,6,9,train,,,
2025-11-05,2025-11-04T21:00:00+00:00,2025-11-01T21:00:00+00:00,-0.0175147838074563,1,0.0395881671927399,0.026296613900212,110,104,14,20,16,10,14,train,,,
2025-11-06,2025-11-05T21:00:00+00:00,2025-11-02T21:00:00+00:00,-0.0365247806009776,1,0.0175147838074563,0.0263493534669881,104,102,10,17,18,11,11,train,,,
2025-11-07,2025-11-06T21:00:00+00:00,2025-11-03T21:00:00+00:00,0.0003722182238106,0,0.0365247806009776,0.0273871321703733,60,55,8,11,4,7,15,train,,,
2025-11-10,2025-11-07T21:00:00+00:00,2025-11-04T21:00:00+00:00,0.0579325780475237,1,0.0003722182238106,0.0249451871551756,72,80,27,6,3,5,36,train,,,
2025-11-11,2025-11-10T21:00:00+00:00,2025-11-07T21:00:00+00:00,-0.0295905957408321,1,0.0579325780475237,0.0273799242787653,75,89,12,9,15,11,5,train,,,
2025-11-12,2025-11-11T21:00:00+00:00,2025-11-08T21:00:00+00:00,0.0033133317675846,0,0.0295905957408321,0.0262383739057343,118,118,29,26,18,11,5,train,,,
2025-11-13,2025-11-12T21:00:00+00:00,2025-11-09T21:00:00+00:00,-0.0358100507469266,1,0.0033133317675846,0.0262129810811817,157,165,32,32,23,15,3,train,,,
2025-11-14,2025-11-13T21:00:00+00:00,2025-11-10T21:00:00+00:00,0.0177137380370571,1,0.0358100507469266,0.0276139628554015,162,175,27,43,18,13,4,train,,,
2025-11-17,2025-11-14T21:00:00+00:00,2025-11-11T21:00:00+00:00,-0.0187725696228985,1,0.0177137380370571,0.0278173468899734,159,150,16,42,11,14,12,train,,,
2025-11-18,2025-11-17T21:00:00+00:00,2025-11-14T21:00:00+00:00,-0.0280816286115062,1,0.0187725696228985,0.028193003754244,104,82,9,62,10,5,2,train,,,
2025-11-19,2025-11-18T21:00:00+00:00,2025-11-15T21:00:00+00:00,0.0284517400017085,1,0.0280816286115062,0.028894443049018,143,115,16,88,11,3,2,train,,,
2025-11-20,2025-11-19T21:00:00+00:00,2025-11-16T21:00:00+00:00,-0.0315247972476907,1,0.0284517400017085,0.0295255309437134,239,207,31,167,23,13,4,train,,,
2025-11-21,2025-11-20T21:00:00+00:00,2025-11-17T21:00:00+00:00,-0.0097430781444536,0,0.0315247972476907,0.0303816842805173,312,274,49,227,33,24,12,train,,,
2025-11-24,2025-11-21T21:00:00+00:00,2025-11-18T21:00:00+00:00,0.0205164385205001,1,0.0097430781444536,0.0299783446282542,313,287,51,228,30,28,19,train,,,
2025-11-25,2025-11-24T21:00:00+00:00,2025-11-21T21:00:00+00:00,-0.025910510949223,1,0.0205164385205001,0.0296300205902417,80,77,12,23,11,10,16,train,,,
2025-11-26,2025-11-25T21:00:00+00:00,2025-11-22T21:00:00+00:00,0.0137215975557727,1,0.025910510949223,0.0274192503235721,138,143,26,19,17,16,17,train,,,
2025-11-28,2025-11-26T21:00:00+00:00,2025-11-23T21:00:00+00:00,-0.018084926930908,1,0.0137215975557727,0.0265365680499739,199,226,45,24,13,20,17,train,,,
2025-12-01,2025-11-28T18:00:00+00:00,2025-11-25T18:00:00+00:00,0.0164971101302886,1,0.018084926930908,0.0264877691193695,146,165,35,13,5,10,12,train,,,
2025-12-02,2025-12-01T21:00:00+00:00,2025-11-28T21:00:00+00:00,0.0085593410895383,0,0.0164971101302886,0.0269704140280255,53,50,6,0,8,6,2,train,,,
2025-12-03,2025-12-02T21:00:00+00:00,2025-11-29T21:00:00+00:00,-0.0103052671674587,1,0.0085593410895383,0.0264273791609151,98,110,21,0,16,8,3,train,,,
2025-12-04,2025-12-03T21:00:00+00:00,2025-11-30T21:00:00+00:00,0.0211604499603115,1,0.0103052671674587,0.0252660877798791,129,170,33,3,26,14,4,train,,,
2025-12-05,2025-12-04T21:00:00+00:00,2025-12-01T21:00:00+00:00,-0.0052896033214522,0,0.0211604499603115,0.0257129086457484,148,202,48,7,31,12,14,train,,,
2025-12-08,2025-12-05T21:00:00+00:00,2025-12-02T21:00:00+00:00,0.0172140004375125,1,0.0052896033214522,0.0244758933659199,125,173,42,11,22,10,22,train,,,
2025-12-09,2025-12-08T21:00:00+00:00,2025-12-05T21:00:00+00:00,-0.0031258304609959,0,0.0172140004375125,0.0248216923534995,59,60,20,3,1,11,4,train,,,
2025-12-10,2025-12-09T21:00:00+00:00,2025-12-06T21:00:00+00:00,-0.0064334117696088,0,0.0031258304609959,0.0206784227271555,114,109,51,6,12,13,82,train,,,
2025-12-11,2025-12-10T21:00:00+00:00,2025-12-07T21:00:00+00:00,-0.0155077080404447,1,0.0064334117696088,0.019766151814137,127,135,60,7,11,15,99,train,,,
2025-12-12,2025-12-11T21:00:00+00:00,2025-12-08T21:00:00+00:00,-0.0326645193679966,1,0.0155077080404447,0.019932334521144,143,155,62,21,16,11,107,train,,,
2025-12-15,2025-12-12T21:00:00+00:00,2025-12-09T21:00:00+00:00,0.0072561894986198,0,0.0326645193679966,0.0196725115200283,113,124,41,24,5,16,38,train,,,
2025-12-16,2025-12-15T21:00:00+00:00,2025-12-12T21:00:00+00:00,0.008111661183153,0,0.0072561894986198,0.0192246085015137,36,43,8,3,1,7,8,train,,,
2025-12-17,2025-12-16T21:00:00+00:00,2025-12-13T21:00:00+00:00,-0.0381498342450907,1,0.008111661183153,0.019047204514621,62,61,14,3,2,15,9,train,,,
2025-12-18,2025-12-17T21:00:00+00:00,2025-12-14T21:00:00+00:00,0.0187199633948551,1,0.0381498342450907,0.0198804275877522,95,96,25,3,3,16,14,train,,,
2025-12-19,2025-12-18T21:00:00+00:00,2025-12-15T21:00:00+00:00,0.0393362045130618,1,0.0187199633948551,0.0191830898225466,116,122,32,16,5,20,9,train,,,
2025-12-22,2025-12-19T21:00:00+00:00,2025-12-16T21:00:00+00:00,0.0149179417712339,1,0.0393362045130618,0.0202026079729177,120,130,38,16,4,15,19,train,,,
2025-12-23,2025-12-22T21:00:00+00:00,2025-12-19T21:00:00+00:00,0.0300506136282114,1,0.0149179417712339,0.0203100632638226,58,64,18,7,4,9,10,train,,,
2025-12-24,2025-12-23T21:00:00+00:00,2025-12-20T21:00:00+00:00,-0.0031710957732357,0,0.0300506136282114,0.0208830429083108,79,87,26,5,7,11,22,train,,,
2025-12-26,2025-12-24T18:00:00+00:00,2025-12-21T18:00:00+00:00,0.0101797875556444,1,0.0031710957732357,0.0198781163133931,96,93,31,5,9,11,25,train,,,
2025-12-29,2025-12-26T21:00:00+00:00,2025-12-23T21:00:00+00:00,-0.0121240956396764,1,0.0101797875556444,0.0197944920525676,85,74,33,2,9,5,4,train,,,
2025-12-30,2025-12-29T21:00:00+00:00,2025-12-26T21:00:00+00:00,-0.0036128388270515,0,0.0121240956396764,0.0195036278025197,52,38,8,4,4,3,2,train,,,
2025-12-31,2025-12-30T21:00:00+00:00,2025-12-27T21:00:00+00:00,-0.0055454574517154,0,0.0036128388270515,0.019302709005098,81,75,15,4,5,4,6,train,,,
2026-01-02,2025-12-31T21:00:00+00:00,2025-12-28T21:00:00+00:00,0.0126006135839715,1,0.0055454574517154,0.0193179532455742,112,108,26,5,8,19,21,train,,,
2026-01-05,2026-01-02T21:00:00+00:00,2025-12-30T21:00:00+00:00,-0.0038656154594165,0,0.0126006135839715,0.0192569583915452,48,48,12,1,3,18,15,train,,,
2026-01-06,2026-01-05T21:00:00+00:00,2026-01-02T21:00:00+00:00,-0.0046777806233408,0,0.0038656154594165,0.0188017213033862,62,75,10,6,5,4,2,train,,,
2026-01-07,2026-01-06T21:00:00+00:00,2026-01-03T21:00:00+00:00,0.0099871641913447,0,0.0046777806233408,0.0187906818808836,173,251,37,4,14,19,8,train,,,
2026-01-08,2026-01-07T21:00:00+00:00,2026-01-04T21:00:00+00:00,-0.0215218794330256,1,0.0099871641913447,0.0185399150946812,227,326,55,4,15,25,18,train,,,
2026-01-09,2026-01-08T21:00:00+00:00,2026-01-05T21:00:00+00:00,-0.0009727675505442,0,0.0215218794330256,0.019205715045003,248,344,64,6,17,31,47,train,,,
2026-01-12,2026-01-09T21:00:00+00:00,2026-01-06T21:00:00+00:00,0.0004327896890317,0,0.0009727675505442,0.0191452549049672,184,217,50,10,15,29,51,train,,,
2026-01-13,2026-01-12T21:00:00+00:00,2026-01-09T21:00:00+00:00,0.0047041279504276,0,0.0004327896890317,0.018773398573547,84,99,10,2,17,7,9,train,,,
2026-01-14,2026-01-13T21:00:00+00:00,2026-01-10T21:00:00+00:00,-0.014369467310186,1,0.0047041279504276,0.0169941357143154,122,136,24,2,18,13,19,train,,,
2026-01-15,2026-01-14T21:00:00+00:00,2026-01-11T21:00:00+00:00,0.0213498256215445,1,0.014369467310186,0.0174010816770708,188,210,59,3,20,20,73,train,,,
2026-01-16,2026-01-15T21:00:00+00:00,2026-01-12T21:00:00+00:00,-0.0043838493736371,0,0.0213498256215445,0.017888679967959,220,226,98,19,12,31,85,train,,,
2026-01-20,2026-01-16T21:00:00+00:00,2026-01-13T21:00:00+00:00,-0.0438167594249047,1,0.0043838493736371,0.0152240319439688,224,234,103,27,15,36,89,train,,,
2026-01-21,2026-01-20T21:00:00+00:00,2026-01-17T21:00:00+00:00,0.0294828061269363,1,0.0438167594249047,0.0182498998629414,106,101,24,3,4,5,20,train,,,
2026-01-22,2026-01-21T21:00:00+00:00,2026-01-18T21:00:00+00:00,0.0082914143343579,0,0.0294828061269363,0.0172753035139958,121,114,31,6,11,7,22,train,,,
2026-01-23,2026-01-22T21:00:00+00:00,2026-01-19T21:00:00+00:00,0.0153105475915804,1,0.0082914143343579,0.0170520252256524,157,147,44,11,17,14,27,train,,,
2026-01-26,2026-01-23T21:00:00+00:00,2026-01-20T21:00:00+00:00,-0.0063941534883706,0,0.0153105475915804,0.015990888260363,142,116,35,13,17,22,45,train,,,
2026-01-27,2026-01-26T21:00:00+00:00,2026-01-23T21:00:00+00:00,0.010993712336375,1,0.0063941534883706,0.0160376648461196,108,115,34,8,15,9,13,train,,,
2026-01-28,2026-01-27T21:00:00+00:00,2026-01-24T21:00:00+00:00,0.0159134298512315,1,0.010993712336375,0.0160670565161373,143,169,47,12,22,12,7,train,,,
2026-01-29,2026-01-28T21:00:00+00:00,2026-01-25T21:00:00+00:00,0.0051691590096367,0,0.0159134298512315,0.0162133690463545,215,289,73,20,44,35,36,train,,,
2026-01-30,2026-01-29T21:00:00+00:00,2026-01-26T21:00:00+00:00,-0.0071684154979764,0,0.0051691590096367,0.0162009153136692,212,303,69,37,51,44,55,train,,,
2026-02-02,2026-01-30T21:00:00+00:00,2026-01-27T21:00:00+00:00,-0.0288809308475692,1,0.0071684154979764,0.0162417295311933,205,297,66,44,47,45,75,train,,,
2026-02-03,2026-02-02T21:00:00+00:00,2026-01-30T21:00:00+00:00,-0.028392832113479,1,0.0288809308475692,0.0173412316029502,130,133,38,11,23,22,16,train,,,
2026-02-04,2026-02-03T21:00:00+00:00,2026-01-31T21:00:00+00:00,-0.0341022108830412,1,0.028392832113479,0.0184096923277026,175,198,43,18,36,23,16,train,,,
2026-02-05,2026-02-04T21:00:00+00:00,2026-02-01T21:00:00+00:00,-0.0132614035251003,1,0.0341022108830412,0.0197652244784087,229,285,59,35,41,30,34,train,,,
2026-02-06,2026-02-05T21:00:00+00:00,2026-02-02T21:00:00+00:00,0.0787177041956905,1,0.0132614035251003,0.0196184231012636,206,296,61,33,35,29,40,train,,,
2026-02-09,2026-02-06T21:00:00+00:00,2026-02-03T21:00:00+00:00,0.0249715759647859,1,0.0787177041956905,0.0266181759103596,209,268,54,43,37,30,38,train,,,
2026-02-10,2026-02-09T21:00:00+00:00,2026-02-06T21:00:00+00:00,-0.0078930351051498,0,0.0249715759647859,0.0271725725398202,100,131,18,13,23,8,0,train,,,
2026-02-11,2026-02-10T21:00:00+00:00,2026-02-07T21:00:00+00:00,0.008008964809925,0,0.0078930351051498,0.0272571110331101,126,144,33,14,23,12,5,train,,,
2026-02-12,2026-02-11T21:00:00+00:00,2026-02-08T21:00:00+00:00,-0.0163641031253721,1,0.008008964809925,0.0272887563430587,149,174,35,19,24,12,15,train,,,
2026-02-13,2026-02-12T21:00:00+00:00,2026-02-09T21:00:00+00:00,-0.0220927472729224,1,0.0163641031253721,0.0273532880265197,146,200,38,22,22,11,20,train,,,
2026-02-17,2026-02-13T21:00:00+00:00,2026-02-10T21:00:00+00:00,0.0118156066604726,1,0.0220927472729224,0.0274086493210592,123,158,24,21,16,9,21,train,,,
2026-02-18,2026-02-17T21:00:00+00:00,2026-02-14T21:00:00+00:00,0.0162728398314055,1,0.0118156066604726,0.0275360616775914,109,136,12,19,18,19,0,train,,,
2026-02-19,2026-02-18T21:00:00+00:00,2026-02-15T21:00:00+00:00,-0.0004255251289269,0,0.0162728398314055,0.0257201184147196,182,227,32,22,33,28,0,train,,,
2026-02-20,2026-02-19T21:00:00+00:00,2026-02-16T21:00:00+00:00,0.0102182530153922,1,0.0004255251289269,0.0249587293673288,216,272,40,26,42,29,0,train,,,
2026-02-23,2026-02-20T21:00:00+00:00,2026-02-17T21:00:00+00:00,0.009113849147716,0,0.0102182530153922,0.0249899241959372,220,242,42,32,34,17,0,train,,,
2026-02-24,2026-02-23T21:00:00+00:00,2026-02-20T21:00:00+00:00,0.0067868273955347,0,0.009113849147716,0.0248492791680187,133,122,13,99,14,13,5,train,,,
2026-02-25,2026-02-24T21:00:00+00:00,2026-02-21T21:00:00+00:00,0.0140522969379368,1,0.0067868273955347,0.0248089283125475,205,244,34,126,33,16,11,test,0.6354166666666666,0.6920342338113142,0.7298254196900716
2026-02-26,2026-02-25T21:00:00+00:00,2026-02-22T21:00:00+00:00,-0.0545612100451263,1,0.0140522969379368,0.0248768145114214,311,326,56,204,44,28,18,test,0.6354166666666666,0.7623192014475454,0.7734618026326906
2026-03-03,2026-03-02T21:00:00+00:00,2026-02-27T21:00:00+00:00,-0.0133164698279871,1,0.0298548624259453,0.0299545674979597,117,162,13,27,23,9,4,test,0.6354166666666666,0.7226988032678922,0.7450532779172294
2026-03-04,2026-03-03T21:00:00+00:00,2026-02-28T21:00:00+00:00,0.0166063976092849,1,0.0133164698279871,0.0294137447474935,151,182,28,27,27,4,8,test,0.6354166666666666,0.7009717747291798,0.8447303987736491
2026-03-05,2026-03-04T21:00:00+00:00,2026-03-01T21:00:00+00:00,0.0016389944136319,0,0.0166063976092849,0.0289342854176941,196,216,27,35,35,4,8,test,0.6354166666666666,0.7391205290942489,0.8721274649642036
2026-03-06,2026-03-05T21:00:00+00:00,2026-03-02T21:00:00+00:00,-0.0301078164350176,1,0.0016389944136319,0.0277215338684366,206,225,51,37,38,11,20,test,0.6354166666666666,0.6938635180918368,0.791889804158565
2026-03-09,2026-03-06T21:00:00+00:00,2026-03-03T21:00:00+00:00,0.0271622178717809,1,0.0301078164350176,0.0284846755138315,201,229,63,35,35,25,20,test,0.6354166666666666,0.7758005541131493,0.7820945070650476
2026-03-10,2026-03-09T20:00:00+00:00,2026-03-06T20:00:00+00:00,0.011606900768585,1,0.0271622178717809,0.0229866116259179,111,147,21,11,32,9,7,test,0.6354166666666666,0.6667560233008296,0.701730550013023
2026-03-11,2026-03-10T20:00:00+00:00,2026-03-07T20:00:00+00:00,0.006873706730786,0,0.011606900768585,0.022393930817863,159,208,25,11,39,16,5,test,0.6354166666666666,0.6597662639969663,0.6308947874547431
2026-03-12,2026-03-11T20:00:00+00:00,2026-03-08T20:00:00+00:00,-0.0155351205185065,1,0.006873706730786,0.022403806945666,219,265,26,10,49,15,1,test,0.6354166666666666,0.6863771984137852,0.6480585706176327
2026-03-13,2026-03-12T20:00:00+00:00,2026-03-09T20:00:00+00:00,-0.0157801853895789,1,0.0155351205185065,0.0225553618101345,214,280,23,9,43,15,2,test,0.6354166666666666,0.7110414729553948,0.6849119012336701
2026-03-16,2026-03-13T20:00:00+00:00,2026-03-10T20:00:00+00:00,0.0164770266228571,1,0.0157801853895789,0.0225356176233678,201,271,25,9,41,11,11,test,0.6354166666666666,0.7039712305527603,0.757562212107379
2026-03-17,2026-03-16T20:00:00+00:00,2026-03-13T20:00:00+00:00,-0.0070406628580241,0,0.0164770266228571,0.0223366581186894,186,252,28,17,32,24,8,test,0.6354166666666666,0.6952790728138886,0.6414185509102186
2026-03-24,2026-03-23T20:00:00+00:00,2026-03-20T20:00:00+00:00,-0.0025051173356209,0,0.0170237019068644,0.0231135234905969,121,168,15,2,15,15,14,test,0.6354166666666666,0.6456047562310644,0.6082998765026639
2026-03-25,2026-03-24T20:00:00+00:00,2026-03-21T20:00:00+00:00,0.0198629994687371,1,0.0025051173356209,0.0229768628990097,142,174,24,5,25,17,8,test,0.6354166666666666,0.6173499084212563,0.5707444147720365
2026-03-26,2026-03-25T20:00:00+00:00,2026-03-22T20:00:00+00:00,-0.0416386101592988,1,0.0198629994687371,0.0232592154306103,185,234,47,5,30,24,14,test,0.6354166666666666,0.7103149338512147,0.6815492727066557
2026-03-27,2026-03-26T20:00:00+00:00,2026-03-23T20:00:00+00:00,-0.0217239009173342,1,0.0416386101592988,0.0219292291958575,196,244,44,3,29,22,14,test,0.6354166666666666,0.7707848129214058,0.7515134806586211
2026-03-30,2026-03-27T20:00:00+00:00,2026-03-24T20:00:00+00:00,-0.0140282322979372,1,0.0217239009173342,0.020516768267274,181,232,52,5,21,20,17,test,0.6354166666666666,0.6973870745438603,0.7010561550430559
2026-03-31,2026-03-30T20:00:00+00:00,2026-03-27T20:00:00+00:00,0.0558817469984662,1,0.0140282322979372,0.0191654236383243,96,161,16,4,23,10,3,test,0.6354166666666666,0.5767277908789761,0.5601437206584595
2026-04-01,2026-03-31T20:00:00+00:00,2026-03-28T20:00:00+00:00,0.0077408410745836,0,0.0558817469984662,0.0233376293352763,152,203,21,5,28,17,3,test,0.6354166666666666,0.7874325224457321,0.7368747679221916
2026-04-02,2026-04-01T20:00:00+00:00,2026-03-29T20:00:00+00:00,0.0093315305224195,0,0.0077408410745836,0.0230615223140643,205,253,32,6,43,25,8,test,0.6354166666666666,0.6846009283390899,0.6187741956004563
2026-04-06,2026-04-02T20:00:00+00:00,2026-03-30T20:00:00+00:00,0.0014092692603508,0,0.0093315305224195,0.0231852924695956,185,187,33,4,30,23,6,test,0.6354166666666666,0.6771690890290119,0.5925107828628023
2026-04-07,2026-04-06T20:00:00+00:00,2026-04-03T20:00:00+00:00,0.0025895233556876,0,0.0014092692603508,0.0221800503014273,68,85,11,5,8,12,2,test,0.6354166666666666,0.5013606260885739,0.3914111681735295
2026-04-08,2026-04-07T20:00:00+00:00,2026-04-04T20:00:00+00:00,0.0223470446512394,1,0.0025895233556876,0.0212688745880294,112,140,23,11,16,17,3,test,0.6354166666666666,0.5723866577305591,0.4876838204149865
2026-04-09,2026-04-08T20:00:00+00:00,2026-04-05T20:00:00+00:00,0.01005057963567,1,0.0223470446512394,0.0217355709976536,146,186,31,11,23,21,4,test,0.6354166666666666,0.6792901965725096,0.6072437811578854
2026-04-10,2026-04-09T20:00:00+00:00,2026-04-06T20:00:00+00:00,0.0256646852786306,1,0.01005057963567,0.0218038498924028,170,225,43,11,40,24,4,test,0.6354166666666666,0.6598736804831318,0.5919348249382157
2026-04-13,2026-04-10T20:00:00+00:00,2026-04-07T20:00:00+00:00,0.0036048719201053,0,0.0256646852786306,0.0222354747243021,162,209,39,8,37,29,5,test,0.6354166666666666,0.7056973572448414,0.6063403842551808
2026-04-14,2026-04-13T20:00:00+00:00,2026-04-10T20:00:00+00:00,0.0380328487066832,1,0.0036048719201053,0.0218520599841957,69,73,14,8,10,9,0,test,0.6354166666666666,0.5092542799625751,0.40925770485768614
2026-04-15,2026-04-14T20:00:00+00:00,2026-04-11T20:00:00+00:00,0.0120096265040634,1,0.0380328487066832,0.0230661846539875,122,123,19,9,14,15,1,test,0.6354166666666666,0.7131375144770351,0.6167751455013256
2026-04-16,2026-04-15T20:00:00+00:00,2026-04-12T20:00:00+00:00,-0.0026147732496876,0,0.0120096265040634,0.0229899651024428,191,204,41,13,28,19,2,test,0.6354166666666666,0.6885769012209881,0.6354687281178151
2026-04-17,2026-04-16T20:00:00+00:00,2026-04-13T20:00:00+00:00,0.0167884132992521,1,0.0026147732496876,0.0228519933043916,224,249,50,18,34,29,6,test,0.6354166666666666,0.678481787748464,0.6100641737315475
2026-04-20,2026-04-17T20:00:00+00:00,2026-04-14T20:00:00+00:00,0.0018841817080057,0,0.0167884132992521,0.0227034916889664,205,262,57,13,35,26,14,test,0.6354166666666666,0.710414065554083,0.6921525944700365
2026-04-21,2026-04-20T20:00:00+00:00,2026-04-17T20:00:00+00:00,-0.0107887493827583,1,0.0018841817080057,0.0207986456471039,101,129,26,5,14,12,2,test,0.6354166666666666,0.5515928575125992,0.5065905181039294
2026-04-22,2026-04-21T20:00:00+00:00,2026-04-18T20:00:00+00:00,0.0131078071073005,1,0.0107887493827583,0.0210972213065229,134,174,36,6,22,10,1,test,0.6354166666666666,0.6254798560469141,0.6324557422138882
2026-04-23,2026-04-22T20:00:00+00:00,2026-04-19T20:00:00+00:00,-0.0141234935266251,1,0.0131078071073005,0.0210276232634331,188,252,46,11,39,19,8,test,0.6354166666666666,0.6782108998426114,0.6746544310750231
2026-04-24,2026-04-23T20:00:00+00:00,2026-04-20T20:00:00+00:00,0.0432278217884811,1,0.0141234935266251,0.0213447589334107,191,269,46,16,43,28,8,test,0.6354166666666666,0.6853859543722567,0.6321092584906387
2026-04-27,2026-04-24T20:00:00+00:00,2026-04-21T20:00:00+00:00,0.0400441913327564,1,0.0432278217884811,0.0198025913511125,183,248,42,18,34,36,13,test,0.6354166666666666,0.7569668801623821,0.6783674642185848
2026-04-28,2026-04-27T20:00:00+00:00,2026-04-24T20:00:00+00:00,-0.015881097300298,1,0.0400441913327564,0.0194039787590673,102,116,22,13,15,7,4,test,0.6354166666666666,0.6753271468537294,0.7145707576980032
2026-04-29,2026-04-28T20:00:00+00:00,2026-04-25T20:00:00+00:00,-0.0183890617959002,1,0.015881097300298,0.0195442741599252,142,151,30,16,20,6,3,test,0.6354166666666666,0.6407250205408499,0.7227751547089363
2026-04-30,2026-04-29T20:00:00+00:00,2026-04-26T20:00:00+00:00,-0.0462604736951121,1,0.0183890617959002,0.0179626730883957,172,192,39,25,23,12,5,test,0.6354166666666666,0.6648103685610666,0.6936800036045471
2026-05-01,2026-04-30T20:00:00+00:00,2026-04-27T20:00:00+00:00,-0.0056119949802255,0,0.0462604736951121,0.0218480611683528,171,198,40,35,20,29,13,test,0.6354166666666666,0.7680184676667882,0.7147609327423764
2026-05-04,2026-05-01T20:00:00+00:00,2026-04-28T20:00:00+00:00,0.0001510485544036,0,0.0056119949802255,0.0220047552242916,159,191,39,41,22,30,19,test,0.6354166666666666,0.6373146030849669,0.5752960191824712
