start_utc,session,duration_minutes,included,exclusion_reasons
2025-10-01T13:30:00+00:00,2025-10-01,60.0,0,missing_prior_market_controls|incomplete_or_uncertain_news_coverage
2025-10-01T14:30:00+00:00,2025-10-01,60.0,0,missing_prior_market_controls|incomplete_or_uncertain_news_coverage
2025-10-01T15:30:00+00:00,2025-10-01,60.0,0,missing_prior_market_controls|incomplete_or_uncertain_news_coverage
2025-10-01T16:30:00+00:00,2025-10-01,60.0,0,missing_prior_market_controls|incomplete_or_uncertain_news_coverage
2025-10-01T17:30:00+00:00,2025-10-01,60.0,0,missing_prior_market_controls|incomplete_or_uncertain_news_coverage
2025-10-01T18:30:00+00:00,2025-10-01,60.0,0,missing_prior_market_controls|incomplete_or_uncertain_news_coverage
2025-10-01T19:30:00+00:00,2025-10-01,30.0,0,not_full_60_minute_bar|missing_prior_market_controls|incomplete_or_uncertain_news_coverage
2025-10-02T13:30:00+00:00,2025-10-02,60.0,0,missing_prior_market_controls
2025-10-02T14:30:00+00:00,2025-10-02,60.0,0,missing_prior_market_controls
2025-10-02T15:30:00+00:00,2025-10-02,60.0,0,missing_prior_market_controls
2025-10-02T16:30:00+00:00,2025-10-02,60.0,0,missing_prior_market_controls
2025-10-02T17:30:00+00:00,2025-10-02,60.0,0,missing_prior_market_controls
2025-10-02T18:30:00+00:00,2025-10-02,60.0,0,missing_prior_market_controls
2025-10-02T19:30:00+00:00,2025-10-02,30.0,0,not_full_60_minute_bar|missing_prior_market_controls
2025-10-03T13:30:00+00:00,2025-10-03,60.0,0,missing_prior_market_controls
2025-10-03T14:30:00+00:00,2025-10-03,60.0,0,missing_prior_market_controls
2025-10-03T15:30:00+00:00,2025-10-03,60.0,0,missing_prior_market_controls
2025-10-03T16:30:00+00:00,2025-10-03,60.0,0,missing_prior_market_controls
2025-10-03T17:30:00+00:00,2025-10-03,60.0,0,missing_prior_market_controls
2025-10-03T18:30:00+00:00,2025-10-03,60.0,0,missing_prior_market_controls
2025-10-03T19:30:00+00:00,2025-10-03,30.0,0,not_full_60_minute_bar|missing_prior_market_controls
2025-10-06T13:30:00+00:00,2025-10-06,60.0,0,missing_prior_market_controls
2025-10-06T14:30:00+00:00,2025-10-06,60.0,0,missing_prior_market_controls
2025-10-06T15:30:00+00:00,2025-10-06,60.0,1,
2025-10-06T16:30:00+00:00,2025-10-06,60.0,1,
2025-10-06T17:30:00+00:00,2025-10-06,60.0,1,
2025-10-06T18:30:00+00:00,2025-10-06,60.0,1,
2025-10-06T19:30:00+00:00,2025-10-06,30.0,0,not_full_60_minute_bar|missing_prior_market_controls
2025-10-07T13:30:00+00:00,2025-10-07,60.0,1,
2025-10-07T14:30:00+00:00,2025-10-07,60.0,1,
2025-10-07T15:30:00+00:00,2025-10-07,60.0,1,
2025-10-07T16:30:00+00:00,2025-10-07,60.0,1,
2025-10-07T17:30:00+00:00,2025-10-07,60.0,1,
2025-10-07T18:30:00+00:00,2025-10-07,60.0,1,
2025-10-07T19:30:00+00:00,2025-10-07,30.0,0,not_full_60_minute_bar|missing_prior_market_controls
2025-10-08T13:30:00+00:00,2025-10-08,60.0,1,
2025-10-08T14:30:00+00:00,2025-10-08,60.0,1,
2025-10-08T15:30:00+00:00,2025-10-08,60.0,1,
2025-10-08T16:30:00+00:00,2025-10-08,60.0,1,
2025-10-08T17:30:00+00:00,2025-10-08,60.0,1,
2025-10-08T18:30:00+00:00,2025-10-08,60.0,1,
2025-10-08T19:30:00+00:00,2025-10-08,30.0,0,not_full_60_minute_bar|missing_prior_market_controls
2025-10-09T13:30:00+00:00,2025-10-09,60.0,1,
2025-10-09T14:30:00+00:00,2025-10-09,60.0,1,
2025-10-09T15:30:00+00:00,2025-10-09,60.0,1,
2025-10-09T16:30:00+00:00,2025-10-09,60.0,1,
2025-10-09T17:30:00+00:00,2025-10-09,60.0,1,
2025-10-09T18:30:00+00:00,2025-10-09,60.0,1,
2025-10-09T19:30:00+00:00,2025-10-09,30.0,0,not_full_60_minute_bar|missing_prior_market_controls
2025-10-10T13:30:00+00:00,2025-10-10,60.0,1,
2025-10-10T14:30:00+00:00,2025-10-10,60.0,1,
2025-10-10T15:30:00+00:00,2025-10-10,60.0,1,
2025-10-10T16:30:00+00:00,2025-10-10,60.0,1,
2025-10-10T17:30:00+00:00,2025-10-10,60.0,1,
2025-10-10T18:30:00+00:00,2025-10-10,60.0,1,
2025-10-10T19:30:00+00:00,2025-10-10,30.0,0,not_full_60_minute_bar|missing_prior_market_controls
2025-10-13T13:30:00+00:00,2025-10-13,60.0,1,
2025-10-13T14:30:00+00:00,2025-10-13,60.0,1,
2025-10-13T15:30:00+00:00,2025-10-13,60.0,1,
2025-10-13T16:30:00+00:00,2025-10-13,60.0,1,
2025-10-13T17:30:00+00:00,2025-10-13,60.0,1,
2025-10-13T18:30:00+00:00,2025-10-13,60.0,1,
2025-10-13T19:30:00+00:00,2025-10-13,30.0,0,not_full_60_minute_bar|missing_prior_market_controls
2025-10-14T13:30:00+00:00,2025-10-14,60.0,1,
2025-10-14T14:30:00+00:00,2025-10-14,60.0,1,
2025-10-14T15:30:00+00:00,2025-10-14,60.0,1,
2025-10-14T16:30:00+00:00,2025-10-14,60.0,1,
2025-10-14T17:30:00+00:00,2025-10-14,60.0,1,
2025-10-14T18:30:00+00:00,2025-10-14,60.0,1,
2025-10-14T19:30:00+00:00,2025-10-14,30.0,0,not_full_60_minute_bar|missing_prior_market_controls
2025-10-15T13:30:00+00:00,2025-10-15,60.0,1,
2025-10-15T14:30:00+00:00,2025-10-15,60.0,1,
2025-10-15T15:30:00+00:00,2025-10-15,60.0,1,
2025-10-15T16:30:00+00:00,2025-10-15,60.0,1,
2025-10-15T17:30:00+00:00,2025-10-15,60.0,1,
2025-10-15T18:30:00+00:00,2025-10-15,60.0,1,
2025-10-15T19:30:00+00:00,2025-10-15,30.0,0,not_full_60_minute_bar|missing_prior_market_controls
2025-10-16T13:30:00+00:00,2025-10-16,60.0,1,
2025-10-16T14:30:00+00:00,2025-10-16,60.0,1,
2025-10-16T15:30:00+00:00,2025-10-16,60.0,1,
2025-10-16T16:30:00+00:00,2025-10-16,60.0,1,
2025-10-16T17:30:00+00:00,2025-10-16,60.0,1,
2025-10-16T18:30:00+00:00,2025-10-16,60.0,1,
2025-10-16T19:30:00+00:00,2025-10-16,30.0,0,not_full_60_minute_bar|missing_prior_market_controls
2025-10-17T13:30:00+00:00,2025-10-17,60.0,1,
2025-10-17T14:30:00+00:00,2025-10-17,60.0,1,
2025-10-17T15:30:00+00:00,2025-10-17,60.0,1,
2025-10-17T16:30:00+00:00,2025-10-17,60.0,1,
2025-10-17T17:30:00+00:00,2025-10-17,60.0,1,
2025-10-17T18:30:00+00:00,2025-10-17,60.0,1,
2025-10-17T19:30:00+00:00,2025-10-17,30.0,0,not_full_60_minute_bar|missing_prior_market_controls
2025-10-20T13:30:00+00:00,2025-10-20,60.0,1,
2025-10-20T14:30:00+00:00,2025-10-20,60.0,1,
2025-10-20T15:30:00+00:00,2025-10-20,60.0,1,
2025-10-20T16:30:00+00:00,2025-10-20,60.0,1,
2025-10-20T17:30:00+00:00,2025-10-20,60.0,1,
2025-10-20T18:30:00+00:00,2025-10-20,60.0,1,
2025-10-20T19:30:00+00:00,2025-10-20,30.0,0,not_full_60_minute_bar|missing_prior_market_controls
2025-10-21T13:30:00+00:00,2025-10-21,60.0,1,
2025-10-21T14:30:00+00:00,2025-10-21,60.0,1,
2025-10-21T15:30:00+00:00,2025-10-21,60.0,1,
2025-10-21T16:30:00+00:00,2025-10-21,60.0,1,
2025-10-21T17:30:00+00:00,2025-10-21,60.0,1,
2025-10-21T18:30:00+00:00,2025-10-21,60.0,1,
2025-10-21T19:30:00+00:00,2025-10-21,30.0,0,not_full_60_minute_bar|missing_prior_market_controls
2025-10-22T13:30:00+00:00,2025-10-22,60.0,1,
2025-10-22T14:30:00+00:00,2025-10-22,60.0,1,
2025-10-22T15:30:00+00:00,2025-10-22,60.0,1,
2025-10-22T16:30:00+00:00,2025-10-22,60.0,1,
2025-10-22T17:30:00+00:00,2025-10-22,60.0,1,
2025-10-22T18:30:00+00:00,2025-10-22,60.0,1,
2025-10-22T19:30:00+00:00,2025-10-22,30.0,0,not_full_60_minute_bar|missing_prior_market_controls
2025-10-23T13:30:00+00:00,2025-10-23,60.0,1,
2025-10-23T14:30:00+00:00,2025-10-23,60.0,1,
2025-10-23T15:30:00+00:00,2025-10-23,60.0,1,
2025-10-23T16:30:00+00:00,2025-10-23,60.0,1,
2025-10-23T17:30:00+00:00,2025-10-23,60.0,1,
2025-10-23T18:30:00+00:00,2025-10-23,60.0,1,
2025-10-23T19:30:00+00:00,2025-10-23,30.0,0,not_full_60_minute_bar|missing_prior_market_controls
2025-10-24T13:30:00+00:00,2025-10-24,60.0,1,
2025-10-24T14:30:00+00:00,2025-10-24,60.0,1,
2025-10-24T15:30:00+00:00,2025-10-24,60.0,1,
2025-10-24T16:30:00+00:00,2025-10-24,60.0,1,
2025-10-24T17:30:00+00:00,2025-10-24,60.0,1,
2025-10-24T18:30:00+00:00,2025-10-24,60.0,1,
2025-10-24T19:30:00+00:00,2025-10-24,30.0,0,not_full_60_minute_bar|missing_prior_market_controls
2025-10-27T13:30:00+00:00,2025-10-27,60.0,1,
2025-10-27T14:30:00+00:00,2025-10-27,60.0,1,
2025-10-27T15:30:00+00:00,2025-10-27,60.0,1,
2025-10-27T16:30:00+00:00,2025-10-27,60.0,1,
2025-10-27T17:30:00+00:00,2025-10-27,60.0,1,
2025-10-27T18:30:00+00:00,2025-10-27,60.0,1,
2025-10-27T19:30:00+00:00,2025-10-27,30.0,0,not_full_60_minute_bar|missing_prior_market_controls
2025-10-28T13:30:00+00:00,2025-10-28,60.0,1,
2025-10-28T14:30:00+00:00,2025-10-28,60.0,1,
2025-10-28T15:30:00+00:00,2025-10-28,60.0,1,
2025-10-28T16:30:00+00:00,2025-10-28,60.0,1,
2025-10-28T17:30:00+00:00,2025-10-28,60.0,1,
2025-10-28T18:30:00+00:00,2025-10-28,60.0,1,
2025-10-28T19:30:00+00:00,2025-10-28,30.0,0,not_full_60_minute_bar|missing_prior_market_controls
2025-10-29T13:30:00+00:00,2025-10-29,60.0,1,
2025-10-29T14:30:00+00:00,2025-10-29,60.0,1,
2025-10-29T15:30:00+00:00,2025-10-29,60.0,1,
2025-10-29T16:30:00+00:00,2025-10-29,60.0,1,
2025-10-29T17:30:00+00:00,2025-10-29,60.0,1,
2025-10-29T18:30:00+00:00,2025-10-29,60.0,1,
2025-10-29T19:30:00+00:00,2025-10-29,30.0,0,not_full_60_minute_bar|missing_prior_market_controls
2025-10-30T13:30:00+00:00,2025-10-30,60.0,1,
2025-10-30T14:30:00+00:00,2025-10-30,60.0,1,
2025-10-30T15:30:00+00:00,2025-10-30,60.0,1,
2025-10-30T16:30:00+00:00,2025-10-30,60.0,1,
2025-10-30T17:30:00+00:00,2025-10-30,60.0,1,
2025-10-30T18:30:00+00:00,2025-10-30,60.0,1,
2025-10-30T19:30:00+00:00,2025-10-30,30.0,0,not_full_60_minute_bar|missing_prior_market_controls
2025-10-31T13:30:00+00:00,2025-10-31,60.0,1,
2025-10-31T14:30:00+00:00,2025-10-31,60.0,1,
2025-10-31T15:30:00+00:00,2025-10-31,60.0,1,
2025-10-31T16:30:00+00:00,2025-10-31,60.0,1,
2025-10-31T17:30:00+00:00,2025-10-31,60.0,1,
2025-10-31T18:30:00+00:00,2025-10-31,60.0,1,
2025-10-31T19:30:00+00:00,2025-10-31,30.0,0,not_full_60_minute_bar|missing_prior_market_controls
2025-11-03T14:30:00+00:00,2025-11-03,60.0,1,
2025-11-03T15:30:00+00:00,2025-11-03,60.0,1,
2025-11-03T16:30:00+00:00,2025-11-03,60.0,1,
2025-11-03T17:30:00+00:00,2025-11-03,60.0,1,
2025-11-03T18:30:00+00:00,2025-11-03,60.0,1,
2025-11-03T19:30:00+00:00,2025-11-03,60.0,1,
2025-11-03T20:30:00+00:00,2025-11-03,30.0,0,not_full_60_minute_bar|missing_prior_market_controls
2025-11-04T14:30:00+00:00,2025-11-04,60.0,1,
2025-11-04T15:30:00+00:00,2025-11-04,60.0,1,
2025-11-04T16:30:00+00:00,2025-11-04,60.0,1,
2025-11-04T17:30:00+00:00,2025-11-04,60.0,1,
2025-11-04T18:30:00+00:00,2025-11-04,60.0,1,
2025-11-04T19:30:00+00:00,2025-11-04,60.0,1,
2025-11-04T20:30:00+00:00,2025-11-04,30.0,0,not_full_60_minute_bar|missing_prior_market_controls
2025-11-05T14:30:00+00:00,2025-11-05,60.0,1,
2025-11-05T15:30:00+00:00,2025-11-05,60.0,1,
2025-11-05T16:30:00+00:00,2025-11-05,60.0,1,
2025-11-05T17:30:00+00:00,2025-11-05,60.0,1,
2025-11-05T18:30:00+00:00,2025-11-05,60.0,1,
2025-11-05T19:30:00+00:00,2025-11-05,60.0,1,
2025-11-05T20:30:00+00:00,2025-11-05,30.0,0,not_full_60_minute_bar|missing_prior_market_controls
2025-11-06T14:30:00+00:00,2025-11-06,60.0,1,
2025-11-06T15:30:00+00:00,2025-11-06,60.0,1,
2025-11-06T16:30:00+00:00,2025-11-06,60.0,1,
2025-11-06T17:30:00+00:00,2025-11-06,60.0,1,
2025-11-06T18:30:00+00:00,2025-11-06,60.0,1,
2025-11-06T19:30:00+00:00,2025-11-06,60.0,1,
2025-11-06T20:30:00+00:00,2025-11-06,30.0,0,not_full_60_minute_bar|missing_prior_market_controls
2025-11-07T14:30:00+00:00,2025-11-07,60.0,1,
2025-11-07T15:30:00+00:00,2025-11-07,60.0,1,
2025-11-07T16:30:00+00:00,2025-11-07,60.0,1,
2025-11-07T17:30:00+00:00,2025-11-07,60.0,1,
2025-11-07T18:30:00+00:00,2025-11-07,60.0,1,
2025-11-07T19:30:00+00:00,2025-11-07,60.0,1,
2025-11-07T20:30:00+00:00,2025-11-07,30.0,0,not_full_60_minute_bar|missing_prior_market_controls
2025-11-10T14:30:00+00:00,2025-11-10,60.0,1,
2025-11-10T15:30:00+00:00,2025-11-10,60.0,1,
2025-11-10T16:30:00+00:00,2025-11-10,60.0,1,
2025-11-10T17:30:00+00:00,2025-11-10,60.0,1,
2025-11-10T18:30:00+00:00,2025-11-10,60.0,1,
2025-11-10T19:30:00+00:00,2025-11-10,60.0,1,
2025-11-10T20:30:00+00:00,2025-11-10,30.0,0,not_full_60_minute_bar|missing_prior_market_controls
2025-11-11T14:30:00+00:00,2025-11-11,60.0,1,
2025-11-11T15:30:00+00:00,2025-11-11,60.0,1,
2025-11-11T16:30:00+00:00,2025-11-11,60.0,1,
2025-11-11T17:30:00+00:00,2025-11-11,60.0,1,
2025-11-11T18:30:00+00:00,2025-11-11,60.0,1,
2025-11-11T19:30:00+00:00,2025-11-11,60.0,1,
2025-11-11T20:30:00+00:00,2025-11-11,30.0,0,not_full_60_minute_bar|missing_prior_market_controls
2025-11-12T14:30:00+00:00,2025-11-12,60.0,1,
2025-11-12T15:30:00+00:00,2025-11-12,60.0,1,
2025-11-12T16:30:00+00:00,2025-11-12,60.0,1,
2025-11-12T17:30:00+00:00,2025-11-12,60.0,1,
2025-11-12T18:30:00+00:00,2025-11-12,60.0,1,
2025-11-12T19:30:00+00:00,2025-11-12,60.0,1,
2025-11-12T20:30:00+00:00,2025-11-12,30.0,0,not_full_60_minute_bar|missing_prior_market_controls
2025-11-13T14:30:00+00:00,2025-11-13,60.0,1,
2025-11-13T15:30:00+00:00,2025-11-13,60.0,1,
2025-11-13T16:30:00+00:00,2025-11-13,60.0,1,
2025-11-13T17:30:00+00:00,2025-11-13,60.0,1,
2025-11-13T18:30:00+00:00,2025-11-13,60.0,1,
2025-11-13T19:30:00+00:00,2025-11-13,60.0,1,
2025-11-13T20:30:00+00:00,2025-11-13,30.0,0,not_full_60_minute_bar|missing_prior_market_controls
2025-11-14T14:30:00+00:00,2025-11-14,60.0,1,
2025-11-14T15:30:00+00:00,2025-11-14,60.0,1,
2025-11-14T16:30:00+00:00,2025-11-14,60.0,1,
2025-11-14T17:30:00+00:00,2025-11-14,60.0,1,
2025-11-14T18:30:00+00:00,2025-11-14,60.0,1,
2025-11-14T19:30:00+00:00,2025-11-14,60.0,1,
2025-11-14T20:30:00+00:00,2025-11-14,30.0,0,not_full_60_minute_bar|missing_prior_market_controls
2025-11-17T14:30:00+00:00,2025-11-17,60.0,1,
2025-11-17T15:30:00+00:00,2025-11-17,60.0,1,
2025-11-17T16:30:00+00:00,2025-11-17,60.0,1,
2025-11-17T17:30:00+00:00,2025-11-17,60.0,1,
2025-11-17T18:30:00+00:00,2025-11-17,60.0,1,
2025-11-17T19:30:00+00:00,2025-11-17,60.0,1,
2025-11-17T20:30:00+00:00,2025-11-17,30.0,0,not_full_60_minute_bar|missing_prior_market_controls
2025-11-18T14:30:00+00:00,2025-11-18,60.0,1,
2025-11-18T15:30:00+00:00,2025-11-18,60.0,1,
2025-11-18T16:30:00+00:00,2025-11-18,60.0,1,
2025-11-18T17:30:00+00:00,2025-11-18,60.0,1,
2025-11-18T18:30:00+00:00,2025-11-18,60.0,1,
2025-11-18T19:30:00+00:00,2025-11-18,60.0,1,
2025-11-18T20:30:00+00:00,2025-11-18,30.0,0,not_full_60_minute_bar|missing_prior_market_controls
2025-11-19T14:30:00+00:00,2025-11-19,60.0,1,
2025-11-19T15:30:00+00:00,2025-11-19,60.0,1,
2025-11-19T16:30:00+00:00,2025-11-19,60.0,1,
2025-11-19T17:30:00+00:00,2025-11-19,60.0,1,
2025-11-19T18:30:00+00:00,2025-11-19,60.0,1,
2025-11-19T19:30:00+00:00,2025-11-19,60.0,1,
2025-11-19T20:30:00+00:00,2025-11-19,30.0,0,not_full_60_minute_bar|missing_prior_market_controls
2025-11-20T14:30:00+00:00,2025-11-20,60.0,1,
2025-11-20T15:30:00+00:00,2025-11-20,60.0,1,
2025-11-20T16:30:00+00:00,2025-11-20,60.0,1,
2025-11-20T17:30:00+00:00,2025-11-20,60.0,1,
2025-11-20T18:30:00+00:00,2025-11-20,60.0,1,
2025-11-20T19:30:00+00:00,2025-11-20,60.0,1,
2025-11-20T20:30:00+00:00,2025-11-20,30.0,0,not_full_60_minute_bar|missing_prior_market_controls
2025-11-21T14:30:00+00:00,2025-11-21,60.0,1,
2025-11-21T15:30:00+00:00,2025-11-21,60.0,1,
2025-11-21T16:30:00+00:00,2025-11-21,60.0,1,
2025-11-21T17:30:00+00:00,2025-11-21,60.0,1,
2025-11-21T18:30:00+00:00,2025-11-21,60.0,1,
2025-11-21T19:30:00+00:00,2025-11-21,60.0,1,
2025-11-21T20:30:00+00:00,2025-11-21,30.0,0,not_full_60_minute_bar|missing_prior_market_controls
2025-11-24T14:30:00+00:00,2025-11-24,60.0,1,
2025-11-24T15:30:00+00:00,2025-11-24,60.0,1,
2025-11-24T16:30:00+00:00,2025-11-24,60.0,1,
2025-11-24T17:30:00+00:00,2025-11-24,60.0,1,
2025-11-24T18:30:00+00:00,2025-11-24,60.0,1,
2025-11-24T19:30:00+00:00,2025-11-24,60.0,1,
2025-11-24T20:30:00+00:00,2025-11-24,30.0,0,not_full_60_minute_bar|missing_prior_market_controls
2025-11-25T14:30:00+00:00,2025-11-25,60.0,1,
2025-11-25T15:30:00+00:00,2025-11-25,60.0,1,
2025-11-25T16:30:00+00:00,2025-11-25,60.0,1,
2025-11-25T17:30:00+00:00,2025-11-25,60.0,1,
2025-11-25T18:30:00+00:00,2025-11-25,60.0,1,
2025-11-25T19:30:00+00:00,2025-11-25,60.0,1,
2025-11-25T20:30:00+00:00,2025-11-25,30.0,0,not_full_60_minute_bar|missing_prior_market_controls
2025-11-26T14:30:00+00:00,2025-11-26,60.0,1,
2025-11-26T15:30:00+00:00,2025-11-26,60.0,1,
2025-11-26T16:30:00+00:00,2025-11-26,60.0,1,
2025-11-26T17:30:00+00:00,2025-11-26,60.0,1,
2025-11-26T18:30:00+00:00,2025-11-26,60.0,1,
2025-11-26T19:30:00+00:00,2025-11-26,60.0,1,
2025-11-26T20:30:00+00:00,2025-11-26,30.0,0,not_full_60_minute_bar|missing_prior_market_controls
2025-11-28T14:30:00+00:00,2025-11-28,60.0,1,
2025-11-28T15:30:00+00:00,2025-11-28,60.0,1,
2025-11-28T16:30:00+00:00,2025-11-28,60.0,1,
2025-11-28T17:30:00+00:00,2025-11-28,30.0,0,not_full_60_minute_bar|missing_or_invalid_current_prices|missing_prior_market_controls
2025-12-01T14:30:00+00:00,2025-12-01,60.0,0,missing_prior_market_controls
2025-12-01T15:30:00+00:00,2025-12-01,60.0,1,
2025-12-01T16:30:00+00:00,2025-12-01,60.0,1,
2025-12-01T17:30:00+00:00,2025-12-01,60.0,1,
2025-12-01T18:30:00+00:00,2025-12-01,60.0,1,
2025-12-01T19:30:00+00:00,2025-12-01,60.0,1,
2025-12-01T20:30:00+00:00,2025-12-01,30.0,0,not_full_60_minute_bar|missing_prior_market_controls
2025-12-02T14:30:00+00:00,2025-12-02,60.0,1,
2025-12-02T15:30:00+00:00,2025-12-02,60.0,1,
2025-12-02T16:30:00+00:00,2025-12-02,60.0,1,
2025-12-02T17:30:00+00:00,2025-12-02,60.0,1,
2025-12-02T18:30:00+00:00,2025-12-02,60.0,1,
2025-12-02T19:30:00+00:00,2025-12-02,60.0,1,
2025-12-02T20:30:00+00:00,2025-12-02,30.0,0,not_full_60_minute_bar|missing_prior_market_controls
2025-12-03T14:30:00+00:00,2025-12-03,60.0,1,
2025-12-03T15:30:00+00:00,2025-12-03,60.0,1,
2025-12-03T16:30:00+00:00,2025-12-03,60.0,1,
2025-12-03T17:30:00+00:00,2025-12-03,60.0,1,
2025-12-03T18:30:00+00:00,2025-12-03,60.0,1,
2025-12-03T19:30:00+00:00,2025-12-03,60.0,1,
2025-12-03T20:30:00+00:00,2025-12-03,30.0,0,not_full_60_minute_bar|missing_prior_market_controls
2025-12-04T14:30:00+00:00,2025-12-04,60.0,1,
2025-12-04T15:30:00+00:00,2025-12-04,60.0,1,
2025-12-04T16:30:00+00:00,2025-12-04,60.0,1,
2025-12-04T17:30:00+00:00,2025-12-04,60.0,1,
2025-12-04T18:30:00+00:00,2025-12-04,60.0,1,
2025-12-04T19:30:00+00:00,2025-12-04,60.0,1,
2025-12-04T20:30:00+00:00,2025-12-04,30.0,0,not_full_60_minute_bar|missing_prior_market_controls
2025-12-05T14:30:00+00:00,2025-12-05,60.0,1,
2025-12-05T15:30:00+00:00,2025-12-05,60.0,1,
2025-12-05T16:30:00+00:00,2025-12-05,60.0,1,
2025-12-05T17:30:00+00:00,2025-12-05,60.0,1,
2025-12-05T18:30:00+00:00,2025-12-05,60.0,1,
2025-12-05T19:30:00+00:00,2025-12-05,60.0,1,
2025-12-05T20:30:00+00:00,2025-12-05,30.0,0,not_full_60_minute_bar|missing_prior_market_controls
2025-12-08T14:30:00+00:00,2025-12-08,60.0,1,
2025-12-08T15:30:00+00:00,2025-12-08,60.0,1,
2025-12-08T16:30:00+00:00,2025-12-08,60.0,1,
2025-12-08T17:30:00+00:00,2025-12-08,60.0,1,
2025-12-08T18:30:00+00:00,2025-12-08,60.0,1,
2025-12-08T19:30:00+00:00,2025-12-08,60.0,1,
2025-12-08T20:30:00+00:00,2025-12-08,30.0,0,not_full_60_minute_bar|missing_prior_market_controls
2025-12-09T14:30:00+00:00,2025-12-09,60.0,1,
2025-12-09T15:30:00+00:00,2025-12-09,60.0,1,
2025-12-09T16:30:00+00:00,2025-12-09,60.0,1,
2025-12-09T17:30:00+00:00,2025-12-09,60.0,1,
2025-12-09T18:30:00+00:00,2025-12-09,60.0,1,
2025-12-09T19:30:00+00:00,2025-12-09,60.0,1,
2025-12-09T20:30:00+00:00,2025-12-09,30.0,0,not_full_60_minute_bar|missing_prior_market_controls
2025-12-10T14:30:00+00:00,2025-12-10,60.0,1,
2025-12-10T15:30:00+00:00,2025-12-10,60.0,1,
2025-12-10T16:30:00+00:00,2025-12-10,60.0,1,
2025-12-10T17:30:00+00:00,2025-12-10,60.0,1,
2025-12-10T18:30:00+00:00,2025-12-10,60.0,1,
2025-12-10T19:30:00+00:00,2025-12-10,60.0,1,
2025-12-10T20:30:00+00:00,2025-12-10,30.0,0,not_full_60_minute_bar|missing_prior_market_controls
2025-12-11T14:30:00+00:00,2025-12-11,60.0,1,
2025-12-11T15:30:00+00:00,2025-12-11,60.0,1,
2025-12-11T16:30:00+00:00,2025-12-11,60.0,1,
2025-12-11T17:30:00+00:00,2025-12-11,60.0,1,
2025-12-11T18:30:00+00:00,2025-12-11,60.0,1,
2025-12-11T19:30:00+00:00,2025-12-11,60.0,1,
2025-12-11T20:30:00+00:00,2025-12-11,30.0,0,not_full_60_minute_bar|missing_prior_market_controls
2025-12-12T14:30:00+00:00,2025-12-12,60.0,1,
2025-12-12T15:30:00+00:00,2025-12-12,60.0,1,
2025-12-12T16:30:00+00:00,2025-12-12,60.0,1,
2025-12-12T17:30:00+00:00,2025-12-12,60.0,1,
2025-12-12T18:30:00+00:00,2025-12-12,60.0,1,
2025-12-12T19:30:00+00:00,2025-12-12,60.0,1,
2025-12-12T20:30:00+00:00,2025-12-12,30.0,0,not_full_60_minute_bar|missing_prior_market_controls
2025-12-15T14:30:00+00:00,2025-12-15,60.0,1,
2025-12-15T15:30:00+00:00,2025-12-15,60.0,1,
2025-12-15T16:30:00+00:00,2025-12-15,60.0,1,
2025-12-15T17:30:00+00:00,2025-12-15,60.0,1,
2025-12-15T18:30:00+00:00,2025-12-15,60.0,1,
2025-12-15T19:30:00+00:00,2025-12-15,60.0,1,
2025-12-15T20:30:00+00:00,2025-12-15,30.0,0,not_full_60_minute_bar|missing_prior_market_controls
2025-12-16T14:30:00+00:00,2025-12-16,60.0,1,
2025-12-16T15:30:00+00:00,2025-12-16,60.0,1,
2025-12-16T16:30:00+00:00,2025-12-16,60.0,1,
2025-12-16T17:30:00+00:00,2025-12-16,60.0,1,
2025-12-16T18:30:00+00:00,2025-12-16,60.0,1,
2025-12-16T19:30:00+00:00,2025-12-16,60.0,1,
2025-12-16T20:30:00+00:00,2025-12-16,30.0,0,not_full_60_minute_bar|missing_prior_market_controls
2025-12-17T14:30:00+00:00,2025-12-17,60.0,1,
2025-12-17T15:30:00+00:00,2025-12-17,60.0,1,
2025-12-17T16:30:00+00:00,2025-12-17,60.0,1,
2025-12-17T17:30:00+00:00,2025-12-17,60.0,1,
2025-12-17T18:30:00+00:00,2025-12-17,60.0,1,
2025-12-17T19:30:00+00:00,2025-12-17,60.0,1,
2025-12-17T20:30:00+00:00,2025-12-17,30.0,0,not_full_60_minute_bar|missing_prior_market_controls
2025-12-18T14:30:00+00:00,2025-12-18,60.0,1,
2025-12-18T15:30:00+00:00,2025-12-18,60.0,1,
2025-12-18T16:30:00+00:00,2025-12-18,60.0,1,
2025-12-18T17:30:00+00:00,2025-12-18,60.0,1,
2025-12-18T18:30:00+00:00,2025-12-18,60.0,1,
2025-12-18T19:30:00+00:00,2025-12-18,60.0,1,
2025-12-18T20:30:00+00:00,2025-12-18,30.0,0,not_full_60_minute_bar|missing_prior_market_controls
2025-12-19T14:30:00+00:00,2025-12-19,60.0,1,
2025-12-19T15:30:00+00:00,2025-12-19,60.0,1,
2025-12-19T16:30:00+00:00,2025-12-19,60.0,1,
2025-12-19T17:30:00+00:00,2025-12-19,60.0,1,
2025-12-19T18:30:00+00:00,2025-12-19,60.0,1,
2025-12-19T19:30:00+00:00,2025-12-19,60.0,1,
2025-12-19T20:30:00+00:00,2025-12-19,30.0,0,not_full_60_minute_bar|missing_prior_market_controls
2025-12-22T14:30:00+00:00,2025-12-22,60.0,1,
2025-12-22T15:30:00+00:00,2025-12-22,60.0,1,
2025-12-22T16:30:00+00:00,2025-12-22,60.0,1,
2025-12-22T17:30:00+00:00,2025-12-22,60.0,1,
2025-12-22T18:30:00+00:00,2025-12-22,60.0,1,
2025-12-22T19:30:00+00:00,2025-12-22,60.0,1,
2025-12-22T20:30:00+00:00,2025-12-22,30.0,0,not_full_60_minute_bar|missing_prior_market_controls
2025-12-23T14:30:00+00:00,2025-12-23,60.0,1,
2025-12-23T15:30:00+00:00,2025-12-23,60.0,1,
2025-12-23T16:30:00+00:00,2025-12-23,60.0,1,
2025-12-23T17:30:00+00:00,2025-12-23,60.0,1,
2025-12-23T18:30:00+00:00,2025-12-23,60.0,1,
2025-12-23T19:30:00+00:00,2025-12-23,60.0,1,
2025-12-23T20:30:00+00:00,2025-12-23,30.0,0,not_full_60_minute_bar|missing_prior_market_controls
2025-12-24T14:30:00+00:00,2025-12-24,60.0,1,
2025-12-24T15:30:00+00:00,2025-12-24,60.0,1,
2025-12-24T16:30:00+00:00,2025-12-24,60.0,1,
2025-12-24T17:30:00+00:00,2025-12-24,30.0,0,not_full_60_minute_bar|missing_or_invalid_current_prices|missing_prior_market_controls
2025-12-26T14:30:00+00:00,2025-12-26,60.0,0,missing_prior_market_controls
2025-12-26T15:30:00+00:00,2025-12-26,60.0,1,
2025-12-26T16:30:00+00:00,2025-12-26,60.0,1,
2025-12-26T17:30:00+00:00,2025-12-26,60.0,1,
2025-12-26T18:30:00+00:00,2025-12-26,60.0,1,
2025-12-26T19:30:00+00:00,2025-12-26,60.0,1,
2025-12-26T20:30:00+00:00,2025-12-26,30.0,0,not_full_60_minute_bar|missing_prior_market_controls
2025-12-29T14:30:00+00:00,2025-12-29,60.0,1,
2025-12-29T15:30:00+00:00,2025-12-29,60.0,1,
2025-12-29T16:30:00+00:00,2025-12-29,60.0,1,
2025-12-29T17:30:00+00:00,2025-12-29,60.0,1,
2025-12-29T18:30:00+00:00,2025-12-29,60.0,1,
2025-12-29T19:30:00+00:00,2025-12-29,60.0,1,
2025-12-29T20:30:00+00:00,2025-12-29,30.0,0,not_full_60_minute_bar|missing_prior_market_controls
2025-12-30T14:30:00+00:00,2025-12-30,60.0,1,
2025-12-30T15:30:00+00:00,2025-12-30,60.0,1,
2025-12-30T16:30:00+00:00,2025-12-30,60.0,1,
2025-12-30T17:30:00+00:00,2025-12-30,60.0,1,
2025-12-30T18:30:00+00:00,2025-12-30,60.0,1,
2025-12-30T19:30:00+00:00,2025-12-30,60.0,1,
2025-12-30T20:30:00+00:00,2025-12-30,30.0,0,not_full_60_minute_bar|missing_prior_market_controls
2025-12-31T14:30:00+00:00,2025-12-31,60.0,1,
2025-12-31T15:30:00+00:00,2025-12-31,60.0,1,
2025-12-31T16:30:00+00:00,2025-12-31,60.0,1,
2025-12-31T17:30:00+00:00,2025-12-31,60.0,1,
2025-12-31T18:30:00+00:00,2025-12-31,60.0,1,
2025-12-31T19:30:00+00:00,2025-12-31,60.0,1,
2025-12-31T20:30:00+00:00,2025-12-31,30.0,0,not_full_60_minute_bar|missing_prior_market_controls
2026-01-02T14:30:00+00:00,2026-01-02,60.0,1,
2026-01-02T15:30:00+00:00,2026-01-02,60.0,1,
2026-01-02T16:30:00+00:00,2026-01-02,60.0,1,
2026-01-02T17:30:00+00:00,2026-01-02,60.0,1,
2026-01-02T18:30:00+00:00,2026-01-02,60.0,1,
2026-01-02T19:30:00+00:00,2026-01-02,60.0,1,
2026-01-02T20:30:00+00:00,2026-01-02,30.0,0,not_full_60_minute_bar|missing_prior_market_controls
2026-01-05T14:30:00+00:00,2026-01-05,60.0,1,
2026-01-05T15:30:00+00:00,2026-01-05,60.0,1,
2026-01-05T16:30:00+00:00,2026-01-05,60.0,1,
2026-01-05T17:30:00+00:00,2026-01-05,60.0,1,
2026-01-05T18:30:00+00:00,2026-01-05,60.0,1,
2026-01-05T19:30:00+00:00,2026-01-05,60.0,1,
2026-01-05T20:30:00+00:00,2026-01-05,30.0,0,not_full_60_minute_bar|missing_prior_market_controls
2026-01-06T14:30:00+00:00,2026-01-06,60.0,1,
2026-01-06T15:30:00+00:00,2026-01-06,60.0,1,
2026-01-06T16:30:00+00:00,2026-01-06,60.0,1,
2026-01-06T17:30:00+00:00,2026-01-06,60.0,1,
2026-01-06T18:30:00+00:00,2026-01-06,60.0,1,
2026-01-06T19:30:00+00:00,2026-01-06,60.0,1,
2026-01-06T20:30:00+00:00,2026-01-06,30.0,0,not_full_60_minute_bar|missing_prior_market_controls
2026-01-07T14:30:00+00:00,2026-01-07,60.0,1,
2026-01-07T15:30:00+00:00,2026-01-07,60.0,1,
2026-01-07T16:30:00+00:00,2026-01-07,60.0,1,
2026-01-07T17:30:00+00:00,2026-01-07,60.0,1,
2026-01-07T18:30:00+00:00,2026-01-07,60.0,1,
2026-01-07T19:30:00+00:00,2026-01-07,60.0,1,
2026-01-07T20:30:00+00:00,2026-01-07,30.0,0,not_full_60_minute_bar|missing_prior_market_controls
2026-01-08T14:30:00+00:00,2026-01-08,60.0,1,
2026-01-08T15:30:00+00:00,2026-01-08,60.0,1,
2026-01-08T16:30:00+00:00,2026-01-08,60.0,1,
2026-01-08T17:30:00+00:00,2026-01-08,60.0,1,
2026-01-08T18:30:00+00:00,2026-01-08,60.0,1,
2026-01-08T19:30:00+00:00,2026-01-08,60.0,1,
2026-01-08T20:30:00+00:00,2026-01-08,30.0,0,not_full_60_minute_bar|missing_prior_market_controls
2026-01-09T14:30:00+00:00,2026-01-09,60.0,1,
2026-01-09T15:30:00+00:00,2026-01-09,60.0,1,
2026-01-09T16:30:00+00:00,2026-01-09,60.0,1,
2026-01-09T17:30:00+00:00,2026-01-09,60.0,1,
2026-01-09T18:30:00+00:00,2026-01-09,60.0,1,
2026-01-09T19:30:00+00:00,2026-01-09,60.0,1,
2026-01-09T20:30:00+00:00,2026-01-09,30.0,0,not_full_60_minute_bar|missing_prior_market_controls
2026-01-12T14:30:00+00:00,2026-01-12,60.0,1,
2026-01-12T15:30:00+00:00,2026-01-12,60.0,1,
2026-01-12T16:30:00+00:00,2026-01-12,60.0,1,
2026-01-12T17:30:00+00:00,2026-01-12,60.0,1,
2026-01-12T18:30:00+00:00,2026-01-12,60.0,1,
2026-01-12T19:30:00+00:00,2026-01-12,60.0,1,
2026-01-12T20:30:00+00:00,2026-01-12,30.0,0,not_full_60_minute_bar|missing_prior_market_controls
2026-01-13T14:30:00+00:00,2026-01-13,60.0,1,
2026-01-13T15:30:00+00:00,2026-01-13,60.0,1,
2026-01-13T16:30:00+00:00,2026-01-13,60.0,1,
2026-01-13T17:30:00+00:00,2026-01-13,60.0,1,
2026-01-13T18:30:00+00:00,2026-01-13,60.0,1,
2026-01-13T19:30:00+00:00,2026-01-13,60.0,1,
2026-01-13T20:30:00+00:00,2026-01-13,30.0,0,not_full_60_minute_bar|missing_prior_market_controls
2026-01-14T14:30:00+00:00,2026-01-14,60.0,1,
2026-01-14T15:30:00+00:00,2026-01-14,60.0,1,
2026-01-14T16:30:00+00:00,2026-01-14,60.0,1,
2026-01-14T17:30:00+00:00,2026-01-14,60.0,1,
2026-01-14T18:30:00+00:00,2026-01-14,60.0,1,
2026-01-14T19:30:00+00:00,2026-01-14,60.0,1,
2026-01-14T20:30:00+00:00,2026-01-14,30.0,0,not_full_60_minute_bar|missing_prior_market_controls
2026-01-15T14:30:00+00:00,2026-01-15,60.0,1,
2026-01-15T15:30:00+00:00,2026-01-15,60.0,1,
2026-01-15T16:30:00+00:00,2026-01-15,60.0,1,
2026-01-15T17:30:00+00:00,2026-01-15,60.0,1,
2026-01-15T18:30:00+00:00,2026-01-15,60.0,1,
2026-01-15T19:30:00+00:00,2026-01-15,60.0,1,
2026-01-15T20:30:00+00:00,2026-01-15,30.0,0,not_full_60_minute_bar|missing_prior_market_controls
2026-01-16T14:30:00+00:00,2026-01-16,60.0,1,
2026-01-16T15:30:00+00:00,2026-01-16,60.0,1,
2026-01-16T16:30:00+00:00,2026-01-16,60.0,1,
2026-01-16T17:30:00+00:00,2026-01-16,60.0,1,
2026-01-16T18:30:00+00:00,2026-01-16,60.0,1,
2026-01-16T19:30:00+00:00,2026-01-16,60.0,1,
2026-01-16T20:30:00+00:00,2026-01-16,30.0,0,not_full_60_minute_bar|missing_prior_market_controls
2026-01-20T14:30:00+00:00,2026-01-20,60.0,1,
2026-01-20T15:30:00+00:00,2026-01-20,60.0,1,
2026-01-20T16:30:00+00:00,2026-01-20,60.0,1,
2026-01-20T17:30:00+00:00,2026-01-20,60.0,1,
2026-01-20T18:30:00+00:00,2026-01-20,60.0,1,
2026-01-20T19:30:00+00:00,2026-01-20,60.0,1,
2026-01-20T20:30:00+00:00,2026-01-20,30.0,0,not_full_60_minute_bar|missing_prior_market_controls
2026-01-21T14:30:00+00:00,2026-01-21,60.0,1,
2026-01-21T15:30:00+00:00,2026-01-21,60.0,1,
2026-01-21T16:30:00+00:00,2026-01-21,60.0,1,
2026-01-21T17:30:00+00:00,2026-01-21,60.0,1,
2026-01-21T18:30:00+00:00,2026-01-21,60.0,1,
2026-01-21T19:30:00+00:00,2026-01-21,60.0,1,
2026-01-21T20:30:00+00:00,2026-01-21,30.0,0,not_full_60_minute_bar|missing_prior_market_controls
2026-01-22T14:30:00+00:00,2026-01-22,60.0,1,
2026-01-22T15:30:00+00:00,2026-01-22,60.0,1,
2026-01-22T16:30:00+00:00,2026-01-22,60.0,1,
2026-01-22T17:30:00+00:00,2026-01-22,60.0,1,
2026-01-22T18:30:00+00:00,2026-01-22,60.0,1,
2026-01-22T19:30:00+00:00,2026-01-22,60.0,1,
2026-01-22T20:30:00+00:00,2026-01-22,30.0,0,not_full_60_minute_bar|missing_prior_market_controls
2026-01-23T14:30:00+00:00,2026-01-23,60.0,1,
2026-01-23T15:30:00+00:00,2026-01-23,60.0,1,
2026-01-23T16:30:00+00:00,2026-01-23,60.0,1,
2026-01-23T17:30:00+00:00,2026-01-23,60.0,1,
2026-01-23T18:30:00+00:00,2026-01-23,60.0,1,
2026-01-23T19:30:00+00:00,2026-01-23,60.0,1,
2026-01-23T20:30:00+00:00,2026-01-23,30.0,0,not_full_60_minute_bar|missing_prior_market_controls
2026-01-26T14:30:00+00:00,2026-01-26,60.0,1,
2026-01-26T15:30:00+00:00,2026-01-26,60.0,1,
2026-01-26T16:30:00+00:00,2026-01-26,60.0,1,
2026-01-26T17:30:00+00:00,2026-01-26,60.0,1,
2026-01-26T18:30:00+00:00,2026-01-26,60.0,1,
2026-01-26T19:30:00+00:00,2026-01-26,60.0,1,
2026-01-26T20:30:00+00:00,2026-01-26,30.0,0,not_full_60_minute_bar|missing_prior_market_controls
2026-01-27T14:30:00+00:00,2026-01-27,60.0,1,
2026-01-27T15:30:00+00:00,2026-01-27,60.0,1,
2026-01-27T16:30:00+00:00,2026-01-27,60.0,1,
2026-01-27T17:30:00+00:00,2026-01-27,60.0,1,
2026-01-27T18:30:00+00:00,2026-01-27,60.0,1,
2026-01-27T19:30:00+00:00,2026-01-27,60.0,1,
2026-01-27T20:30:00+00:00,2026-01-27,30.0,0,not_full_60_minute_bar|missing_prior_market_controls
2026-01-28T14:30:00+00:00,2026-01-28,60.0,1,
2026-01-28T15:30:00+00:00,2026-01-28,60.0,1,
2026-01-28T16:30:00+00:00,2026-01-28,60.0,1,
2026-01-28T17:30:00+00:00,2026-01-28,60.0,1,
2026-01-28T18:30:00+00:00,2026-01-28,60.0,1,
2026-01-28T19:30:00+00:00,2026-01-28,60.0,1,
2026-01-28T20:30:00+00:00,2026-01-28,30.0,0,not_full_60_minute_bar|missing_prior_market_controls
2026-01-29T14:30:00+00:00,2026-01-29,60.0,1,
2026-01-29T15:30:00+00:00,2026-01-29,60.0,1,
2026-01-29T16:30:00+00:00,2026-01-29,60.0,1,
2026-01-29T17:30:00+00:00,2026-01-29,60.0,1,
2026-01-29T18:30:00+00:00,2026-01-29,60.0,1,
2026-01-29T19:30:00+00:00,2026-01-29,60.0,1,
2026-01-29T20:30:00+00:00,2026-01-29,30.0,0,not_full_60_minute_bar|missing_prior_market_controls
2026-01-30T14:30:00+00:00,2026-01-30,60.0,1,
2026-01-30T15:30:00+00:00,2026-01-30,60.0,1,
2026-01-30T16:30:00+00:00,2026-01-30,60.0,0,missing_or_invalid_current_prices
2026-01-30T17:30:00+00:00,2026-01-30,60.0,0,missing_or_invalid_current_prices|missing_prior_market_controls
2026-01-30T18:30:00+00:00,2026-01-30,60.0,0,missing_or_invalid_current_prices|missing_prior_market_controls
2026-01-30T19:30:00+00:00,2026-01-30,60.0,0,missing_or_invalid_current_prices|missing_prior_market_controls
2026-01-30T20:30:00+00:00,2026-01-30,30.0,0,not_full_60_minute_bar|missing_or_invalid_current_prices|missing_prior_market_controls
2026-02-02T14:30:00+00:00,2026-02-02,60.0,0,missing_or_invalid_current_prices|missing_prior_market_controls
2026-02-02T15:30:00+00:00,2026-02-02,60.0,0,missing_or_invalid_current_prices|missing_prior_market_controls
2026-02-02T16:30:00+00:00,2026-02-02,60.0,0,missing_or_invalid_current_prices|missing_prior_market_controls
2026-02-02T17:30:00+00:00,2026-02-02,60.0,0,missing_or_invalid_current_prices|missing_prior_market_controls
2026-02-02T18:30:00+00:00,2026-02-02,60.0,0,missing_prior_market_controls
2026-02-02T19:30:00+00:00,2026-02-02,60.0,0,missing_prior_market_controls
2026-02-02T20:30:00+00:00,2026-02-02,30.0,0,not_full_60_minute_bar|missing_prior_market_controls
2026-02-03T14:30:00+00:00,2026-02-03,60.0,0,missing_prior_market_controls
2026-02-03T15:30:00+00:00,2026-02-03,60.0,0,missing_prior_market_controls
2026-02-03T16:30:00+00:00,2026-02-03,60.0,0,missing_prior_market_controls
2026-02-03T17:30:00+00:00,2026-02-03,60.0,0,missing_prior_market_controls
2026-02-03T18:30:00+00:00,2026-02-03,60.0,0,missing_prior_market_controls
2026-02-03T19:30:00+00:00,2026-02-03,60.0,0,missing_prior_market_controls
2026-02-03T20:30:00+00:00,2026-02-03,30.0,0,not_full_60_minute_bar|missing_prior_market_controls
2026-02-04T14:30:00+00:00,2026-02-04,60.0,0,missing_prior_market_controls
2026-02-04T15:30:00+00:00,2026-02-04,60.0,0,missing_prior_market_controls
2026-02-04T16:30:00+00:00,2026-02-04,60.0,0,missing_prior_market_controls
2026-02-04T17:30:00+00:00,2026-02-04,60.0,0,missing_prior_market_controls
2026-02-04T18:30:00+00:00,2026-02-04,60.0,0,missing_prior_market_controls
2026-02-04T19:30:00+00:00,2026-02-04,60.0,0,missing_prior_market_controls
2026-02-04T20:30:00+00:00,2026-02-04,30.0,0,not_full_60_minute_bar|missing_prior_market_controls
2026-02-05T14:30:00+00:00,2026-02-05,60.0,0,missing_prior_market_controls
2026-02-05T15:30:00+00:00,2026-02-05,60.0,0,missing_prior_market_controls
2026-02-05T16:30:00+00:00,2026-02-05,60.0,0,missing_prior_market_controls
2026-02-05T17:30:00+00:00,2026-02-05,60.0,0,missing_prior_market_controls
2026-02-05T18:30:00+00:00,2026-02-05,60.0,0,missing_prior_market_controls
2026-02-05T19:30:00+00:00,2026-02-05,60.0,0,missing_prior_market_controls
2026-02-05T20:30:00+00:00,2026-02-05,30.0,0,not_full_60_minute_bar|missing_prior_market_controls
2026-02-06T14:30:00+00:00,2026-02-06,60.0,1,
2026-02-06T15:30:00+00:00,2026-02-06,60.0,1,
2026-02-06T16:30:00+00:00,2026-02-06,60.0,1,
2026-02-06T17:30:00+00:00,2026-02-06,60.0,1,
2026-02-06T18:30:00+00:00,2026-02-06,60.0,1,
2026-02-06T19:30:00+00:00,2026-02-06,60.0,1,
2026-02-06T20:30:00+00:00,2026-02-06,30.0,0,not_full_60_minute_bar|missing_prior_market_controls
2026-02-09T14:30:00+00:00,2026-02-09,60.0,1,
2026-02-09T15:30:00+00:00,2026-02-09,60.0,1,
2026-02-09T16:30:00+00:00,2026-02-09,60.0,1,
2026-02-09T17:30:00+00:00,2026-02-09,60.0,1,
2026-02-09T18:30:00+00:00,2026-02-09,60.0,1,
2026-02-09T19:30:00+00:00,2026-02-09,60.0,1,
2026-02-09T20:30:00+00:00,2026-02-09,30.0,0,not_full_60_minute_bar|missing_prior_market_controls
2026-02-10T14:30:00+00:00,2026-02-10,60.0,1,
2026-02-10T15:30:00+00:00,2026-02-10,60.0,1,
2026-02-10T16:30:00+00:00,2026-02-10,60.0,1,
2026-02-10T17:30:00+00:00,2026-02-10,60.0,1,
2026-02-10T18:30:00+00:00,2026-02-10,60.0,1,
2026-02-10T19:30:00+00:00,2026-02-10,60.0,1,
2026-02-10T20:30:00+00:00,2026-02-10,30.0,0,not_full_60_minute_bar|missing_prior_market_controls
2026-02-11T14:30:00+00:00,2026-02-11,60.0,1,
2026-02-11T15:30:00+00:00,2026-02-11,60.0,1,
2026-02-11T16:30:00+00:00,2026-02-11,60.0,1,
2026-02-11T17:30:00+00:00,2026-02-11,60.0,1,
2026-02-11T18:30:00+00:00,2026-02-11,60.0,1,
2026-02-11T19:30:00+00:00,2026-02-11,60.0,1,
2026-02-11T20:30:00+00:00,2026-02-11,30.0,0,not_full_60_minute_bar|missing_prior_market_controls
2026-02-12T14:30:00+00:00,2026-02-12,60.0,1,
2026-02-12T15:30:00+00:00,2026-02-12,60.0,1,
2026-02-12T16:30:00+00:00,2026-02-12,60.0,1,
2026-02-12T17:30:00+00:00,2026-02-12,60.0,1,
2026-02-12T18:30:00+00:00,2026-02-12,60.0,1,
2026-02-12T19:30:00+00:00,2026-02-12,60.0,1,
2026-02-12T20:30:00+00:00,2026-02-12,30.0,0,not_full_60_minute_bar|missing_prior_market_controls
2026-02-13T14:30:00+00:00,2026-02-13,60.0,1,
2026-02-13T15:30:00+00:00,2026-02-13,60.0,1,
2026-02-13T16:30:00+00:00,2026-02-13,60.0,1,
2026-02-13T17:30:00+00:00,2026-02-13,60.0,1,
2026-02-13T18:30:00+00:00,2026-02-13,60.0,1,
2026-02-13T19:30:00+00:00,2026-02-13,60.0,1,
2026-02-13T20:30:00+00:00,2026-02-13,30.0,0,not_full_60_minute_bar|missing_prior_market_controls
2026-02-17T14:30:00+00:00,2026-02-17,60.0,1,
2026-02-17T15:30:00+00:00,2026-02-17,60.0,1,
2026-02-17T16:30:00+00:00,2026-02-17,60.0,1,
2026-02-17T17:30:00+00:00,2026-02-17,60.0,1,
2026-02-17T18:30:00+00:00,2026-02-17,60.0,1,
2026-02-17T19:30:00+00:00,2026-02-17,60.0,1,
2026-02-17T20:30:00+00:00,2026-02-17,30.0,0,not_full_60_minute_bar|missing_prior_market_controls
2026-02-18T14:30:00+00:00,2026-02-18,60.0,1,
2026-02-18T15:30:00+00:00,2026-02-18,60.0,1,
2026-02-18T16:30:00+00:00,2026-02-18,60.0,1,
2026-02-18T17:30:00+00:00,2026-02-18,60.0,1,
2026-02-18T18:30:00+00:00,2026-02-18,60.0,1,
2026-02-18T19:30:00+00:00,2026-02-18,60.0,1,
2026-02-18T20:30:00+00:00,2026-02-18,30.0,0,not_full_60_minute_bar|missing_prior_market_controls
2026-02-19T14:30:00+00:00,2026-02-19,60.0,1,
2026-02-19T15:30:00+00:00,2026-02-19,60.0,1,
2026-02-19T16:30:00+00:00,2026-02-19,60.0,1,
2026-02-19T17:30:00+00:00,2026-02-19,60.0,1,
2026-02-19T18:30:00+00:00,2026-02-19,60.0,1,
2026-02-19T19:30:00+00:00,2026-02-19,60.0,1,
2026-02-19T20:30:00+00:00,2026-02-19,30.0,0,not_full_60_minute_bar|missing_prior_market_controls
2026-02-20T14:30:00+00:00,2026-02-20,60.0,1,
2026-02-20T15:30:00+00:00,2026-02-20,60.0,1,
2026-02-20T16:30:00+00:00,2026-02-20,60.0,1,
2026-02-20T17:30:00+00:00,2026-02-20,60.0,1,
2026-02-20T18:30:00+00:00,2026-02-20,60.0,1,
2026-02-20T19:30:00+00:00,2026-02-20,60.0,1,
2026-02-20T20:30:00+00:00,2026-02-20,30.0,0,not_full_60_minute_bar|missing_prior_market_controls
2026-02-23T14:30:00+00:00,2026-02-23,60.0,1,
2026-02-23T15:30:00+00:00,2026-02-23,60.0,1,
2026-02-23T16:30:00+00:00,2026-02-23,60.0,1,
2026-02-23T17:30:00+00:00,2026-02-23,60.0,1,
2026-02-23T18:30:00+00:00,2026-02-23,60.0,1,
2026-02-23T19:30:00+00:00,2026-02-23,60.0,1,
2026-02-23T20:30:00+00:00,2026-02-23,30.0,0,not_full_60_minute_bar|missing_prior_market_controls
2026-02-24T14:30:00+00:00,2026-02-24,60.0,1,
2026-02-24T15:30:00+00:00,2026-02-24,60.0,1,
2026-02-24T16:30:00+00:00,2026-02-24,60.0,1,
2026-02-24T17:30:00+00:00,2026-02-24,60.0,1,
2026-02-24T18:30:00+00:00,2026-02-24,60.0,1,
2026-02-24T19:30:00+00:00,2026-02-24,60.0,1,
2026-02-24T20:30:00+00:00,2026-02-24,30.0,0,not_full_60_minute_bar|missing_prior_market_controls
2026-02-25T14:30:00+00:00,2026-02-25,60.0,1,
2026-02-25T15:30:00+00:00,2026-02-25,60.0,1,
2026-02-25T16:30:00+00:00,2026-02-25,60.0,1,
2026-02-25T17:30:00+00:00,2026-02-25,60.0,1,
2026-02-25T18:30:00+00:00,2026-02-25,60.0,1,
2026-02-25T19:30:00+00:00,2026-02-25,60.0,1,
2026-02-25T20:30:00+00:00,2026-02-25,30.0,0,not_full_60_minute_bar|missing_prior_market_controls
2026-02-26T14:30:00+00:00,2026-02-26,60.0,0,incomplete_or_uncertain_news_coverage
2026-02-26T15:30:00+00:00,2026-02-26,60.0,0,incomplete_or_uncertain_news_coverage
2026-02-26T16:30:00+00:00,2026-02-26,60.0,0,incomplete_or_uncertain_news_coverage
2026-02-26T17:30:00+00:00,2026-02-26,60.0,0,incomplete_or_uncertain_news_coverage
2026-02-26T18:30:00+00:00,2026-02-26,60.0,0,incomplete_or_uncertain_news_coverage
2026-02-26T19:30:00+00:00,2026-02-26,60.0,0,incomplete_or_uncertain_news_coverage
2026-02-26T20:30:00+00:00,2026-02-26,30.0,0,not_full_60_minute_bar|missing_prior_market_controls|incomplete_or_uncertain_news_coverage
2026-02-27T14:30:00+00:00,2026-02-27,60.0,0,incomplete_or_uncertain_news_coverage
2026-02-27T15:30:00+00:00,2026-02-27,60.0,0,incomplete_or_uncertain_news_coverage
2026-02-27T16:30:00+00:00,2026-02-27,60.0,0,incomplete_or_uncertain_news_coverage
2026-02-27T17:30:00+00:00,2026-02-27,60.0,0,incomplete_or_uncertain_news_coverage
2026-02-27T18:30:00+00:00,2026-02-27,60.0,0,incomplete_or_uncertain_news_coverage
2026-02-27T19:30:00+00:00,2026-02-27,60.0,0,incomplete_or_uncertain_news_coverage
2026-02-27T20:30:00+00:00,2026-02-27,30.0,0,not_full_60_minute_bar|missing_prior_market_controls|incomplete_or_uncertain_news_coverage
2026-03-02T14:30:00+00:00,2026-03-02,60.0,1,
2026-03-02T15:30:00+00:00,2026-03-02,60.0,1,
2026-03-02T16:30:00+00:00,2026-03-02,60.0,1,
2026-03-02T17:30:00+00:00,2026-03-02,60.0,1,
2026-03-02T18:30:00+00:00,2026-03-02,60.0,1,
2026-03-02T19:30:00+00:00,2026-03-02,60.0,1,
2026-03-02T20:30:00+00:00,2026-03-02,30.0,0,not_full_60_minute_bar|missing_prior_market_controls
2026-03-03T14:30:00+00:00,2026-03-03,60.0,1,
2026-03-03T15:30:00+00:00,2026-03-03,60.0,1,
2026-03-03T16:30:00+00:00,2026-03-03,60.0,1,
2026-03-03T17:30:00+00:00,2026-03-03,60.0,1,
2026-03-03T18:30:00+00:00,2026-03-03,60.0,1,
2026-03-03T19:30:00+00:00,2026-03-03,60.0,1,
2026-03-03T20:30:00+00:00,2026-03-03,30.0,0,not_full_60_minute_bar|missing_prior_market_controls
2026-03-04T14:30:00+00:00,2026-03-04,60.0,1,
2026-03-04T15:30:00+00:00,2026-03-04,60.0,1,
2026-03-04T16:30:00+00:00,2026-03-04,60.0,1,
2026-03-04T17:30:00+00:00,2026-03-04,60.0,1,
2026-03-04T18:30:00+00:00,2026-03-04,60.0,1,
2026-03-04T19:30:00+00:00,2026-03-04,60.0,1,
2026-03-04T20:30:00+00:00,2026-03-04,30.0,0,not_full_60_minute_bar|missing_prior_market_controls
2026-03-05T14:30:00+00:00,2026-03-05,60.0,1,
2026-03-05T15:30:00+00:00,2026-03-05,60.0,1,
2026-03-05T16:30:00+00:00,2026-03-05,60.0,1,
2026-03-05T17:30:00+00:00,2026-03-05,60.0,1,
2026-03-05T18:30:00+00:00,2026-03-05,60.0,1,
2026-03-05T19:30:00+00:00,2026-03-05,60.0,1,
2026-03-05T20:30:00+00:00,2026-03-05,30.0,0,not_full_60_minute_bar|missing_prior_market_controls
2026-03-06T14:30:00+00:00,2026-03-06,60.0,1,
2026-03-06T15:30:00+00:00,2026-03-06,60.0,1,
2026-03-06T16:30:00+00:00,2026-03-06,60.0,1,
2026-03-06T17:30:00+00:00,2026-03-06,60.0,1,
2026-03-06T18:30:00+00:00,2026-03-06,60.0,1,
2026-03-06T19:30:00+00:00,2026-03-06,60.0,1,
2026-03-06T20:30:00+00:00,2026-03-06,30.0,0,not_full_60_minute_bar|missing_prior_market_controls
2026-03-09T13:30:00+00:00,2026-03-09,60.0,1,
2026-03-09T14:30:00+00:00,2026-03-09,60.0,1,
2026-03-09T15:30:00+00:00,2026-03-09,60.0,1,
2026-03-09T16:30:00+00:00,2026-03-09,60.0,1,
2026-03-09T17:30:00+00:00,2026-03-09,60.0,1,
2026-03-09T18:30:00+00:00,2026-03-09,60.0,1,
2026-03-09T19:30:00+00:00,2026-03-09,30.0,0,not_full_60_minute_bar|missing_prior_market_controls
2026-03-10T13:30:00+00:00,2026-03-10,60.0,1,
2026-03-10T14:30:00+00:00,2026-03-10,60.0,1,
2026-03-10T15:30:00+00:00,2026-03-10,60.0,1,
2026-03-10T16:30:00+00:00,2026-03-10,60.0,1,
2026-03-10T17:30:00+00:00,2026-03-10,60.0,1,
2026-03-10T18:30:00+00:00,2026-03-10,60.0,1,
2026-03-10T19:30:00+00:00,2026-03-10,30.0,0,not_full_60_minute_bar|missing_prior_market_controls
2026-03-11T13:30:00+00:00,2026-03-11,60.0,1,
2026-03-11T14:30:00+00:00,2026-03-11,60.0,1,
2026-03-11T15:30:00+00:00,2026-03-11,60.0,1,
2026-03-11T16:30:00+00:00,2026-03-11,60.0,1,
2026-03-11T17:30:00+00:00,2026-03-11,60.0,1,
2026-03-11T18:30:00+00:00,2026-03-11,60.0,1,
2026-03-11T19:30:00+00:00,2026-03-11,30.0,0,not_full_60_minute_bar|missing_prior_market_controls
2026-03-12T13:30:00+00:00,2026-03-12,60.0,1,
2026-03-12T14:30:00+00:00,2026-03-12,60.0,1,
2026-03-12T15:30:00+00:00,2026-03-12,60.0,1,
2026-03-12T16:30:00+00:00,2026-03-12,60.0,1,
2026-03-12T17:30:00+00:00,2026-03-12,60.0,1,
2026-03-12T18:30:00+00:00,2026-03-12,60.0,1,
2026-03-12T19:30:00+00:00,2026-03-12,30.0,0,not_full_60_minute_bar|missing_prior_market_controls
2026-03-13T13:30:00+00:00,2026-03-13,60.0,1,
2026-03-13T14:30:00+00:00,2026-03-13,60.0,1,
2026-03-13T15:30:00+00:00,2026-03-13,60.0,1,
2026-03-13T16:30:00+00:00,2026-03-13,60.0,1,
2026-03-13T17:30:00+00:00,2026-03-13,60.0,1,
2026-03-13T18:30:00+00:00,2026-03-13,60.0,1,
2026-03-13T19:30:00+00:00,2026-03-13,30.0,0,not_full_60_minute_bar|missing_prior_market_controls
2026-03-16T13:30:00+00:00,2026-03-16,60.0,1,
2026-03-16T14:30:00+00:00,2026-03-16,60.0,1,
2026-03-16T15:30:00+00:00,2026-03-16,60.0,1,
2026-03-16T16:30:00+00:00,2026-03-16,60.0,1,
2026-03-16T17:30:00+00:00,2026-03-16,60.0,1,
2026-03-16T18:30:00+00:00,2026-03-16,60.0,1,
2026-03-16T19:30:00+00:00,2026-03-16,30.0,0,not_full_60_minute_bar|missing_prior_market_controls
2026-03-17T13:30:00+00:00,2026-03-17,60.0,0,incomplete_or_uncertain_news_coverage
2026-03-17T14:30:00+00:00,2026-03-17,60.0,0,incomplete_or_uncertain_news_coverage
2026-03-17T15:30:00+00:00,2026-03-17,60.0,0,incomplete_or_uncertain_news_coverage
2026-03-17T16:30:00+00:00,2026-03-17,60.0,0,incomplete_or_uncertain_news_coverage
2026-03-17T17:30:00+00:00,2026-03-17,60.0,0,incomplete_or_uncertain_news_coverage
2026-03-17T18:30:00+00:00,2026-03-17,60.0,0,incomplete_or_uncertain_news_coverage
2026-03-17T19:30:00+00:00,2026-03-17,30.0,0,not_full_60_minute_bar|missing_prior_market_controls|incomplete_or_uncertain_news_coverage
2026-03-18T13:30:00+00:00,2026-03-18,60.0,0,incomplete_or_uncertain_news_coverage
2026-03-18T14:30:00+00:00,2026-03-18,60.0,0,incomplete_or_uncertain_news_coverage
2026-03-18T15:30:00+00:00,2026-03-18,60.0,0,incomplete_or_uncertain_news_coverage
2026-03-18T16:30:00+00:00,2026-03-18,60.0,0,incomplete_or_uncertain_news_coverage
2026-03-18T17:30:00+00:00,2026-03-18,60.0,0,incomplete_or_uncertain_news_coverage
2026-03-18T18:30:00+00:00,2026-03-18,60.0,0,incomplete_or_uncertain_news_coverage
2026-03-18T19:30:00+00:00,2026-03-18,30.0,0,not_full_60_minute_bar|missing_prior_market_controls|incomplete_or_uncertain_news_coverage
2026-03-19T13:30:00+00:00,2026-03-19,60.0,0,incomplete_or_uncertain_news_coverage
2026-03-19T14:30:00+00:00,2026-03-19,60.0,0,incomplete_or_uncertain_news_coverage
2026-03-19T15:30:00+00:00,2026-03-19,60.0,0,incomplete_or_uncertain_news_coverage
2026-03-19T16:30:00+00:00,2026-03-19,60.0,0,incomplete_or_uncertain_news_coverage
2026-03-19T17:30:00+00:00,2026-03-19,60.0,0,incomplete_or_uncertain_news_coverage
2026-03-19T18:30:00+00:00,2026-03-19,60.0,0,incomplete_or_uncertain_news_coverage
2026-03-19T19:30:00+00:00,2026-03-19,30.0,0,not_full_60_minute_bar|missing_prior_market_controls|incomplete_or_uncertain_news_coverage
2026-03-20T13:30:00+00:00,2026-03-20,60.0,1,
2026-03-20T14:30:00+00:00,2026-03-20,60.0,1,
2026-03-20T15:30:00+00:00,2026-03-20,60.0,1,
2026-03-20T16:30:00+00:00,2026-03-20,60.0,1,
2026-03-20T17:30:00+00:00,2026-03-20,60.0,1,
2026-03-20T18:30:00+00:00,2026-03-20,60.0,1,
2026-03-20T19:30:00+00:00,2026-03-20,30.0,0,not_full_60_minute_bar|missing_prior_market_controls
2026-03-23T13:30:00+00:00,2026-03-23,60.0,1,
2026-03-23T14:30:00+00:00,2026-03-23,60.0,1,
2026-03-23T15:30:00+00:00,2026-03-23,60.0,1,
2026-03-23T16:30:00+00:00,2026-03-23,60.0,1,
2026-03-23T17:30:00+00:00,2026-03-23,60.0,1,
2026-03-23T18:30:00+00:00,2026-03-23,60.0,1,
2026-03-23T19:30:00+00:00,2026-03-23,30.0,0,not_full_60_minute_bar|missing_prior_market_controls
2026-03-24T13:30:00+00:00,2026-03-24,60.0,1,
2026-03-24T14:30:00+00:00,2026-03-24,60.0,1,
2026-03-24T15:30:00+00:00,2026-03-24,60.0,1,
2026-03-24T16:30:00+00:00,2026-03-24,60.0,1,
2026-03-24T17:30:00+00:00,2026-03-24,60.0,1,
2026-03-24T18:30:00+00:00,2026-03-24,60.0,1,
2026-03-24T19:30:00+00:00,2026-03-24,30.0,0,not_full_60_minute_bar|missing_prior_market_controls
2026-03-25T13:30:00+00:00,2026-03-25,60.0,1,
2026-03-25T14:30:00+00:00,2026-03-25,60.0,1,
2026-03-25T15:30:00+00:00,2026-03-25,60.0,1,
2026-03-25T16:30:00+00:00,2026-03-25,60.0,1,
2026-03-25T17:30:00+00:00,2026-03-25,60.0,1,
2026-03-25T18:30:00+00:00,2026-03-25,60.0,1,
2026-03-25T19:30:00+00:00,2026-03-25,30.0,0,not_full_60_minute_bar|missing_prior_market_controls
2026-03-26T13:30:00+00:00,2026-03-26,60.0,1,
2026-03-26T14:30:00+00:00,2026-03-26,60.0,1,
2026-03-26T15:30:00+00:00,2026-03-26,60.0,1,
2026-03-26T16:30:00+00:00,2026-03-26,60.0,1,
2026-03-26T17:30:00+00:00,2026-03-26,60.0,1,
2026-03-26T18:30:00+00:00,2026-03-26,60.0,1,
2026-03-26T19:30:00+00:00,2026-03-26,30.0,0,not_full_60_minute_bar|missing_prior_market_controls
2026-03-27T13:30:00+00:00,2026-03-27,60.0,1,
2026-03-27T14:30:00+00:00,2026-03-27,60.0,1,
2026-03-27T15:30:00+00:00,2026-03-27,60.0,1,
2026-03-27T16:30:00+00:00,2026-03-27,60.0,1,
2026-03-27T17:30:00+00:00,2026-03-27,60.0,1,
2026-03-27T18:30:00+00:00,2026-03-27,60.0,1,
2026-03-27T19:30:00+00:00,2026-03-27,30.0,0,not_full_60_minute_bar|missing_prior_market_controls
2026-03-30T13:30:00+00:00,2026-03-30,60.0,1,
2026-03-30T14:30:00+00:00,2026-03-30,60.0,1,
2026-03-30T15:30:00+00:00,2026-03-30,60.0,1,
2026-03-30T16:30:00+00:00,2026-03-30,60.0,1,
2026-03-30T17:30:00+00:00,2026-03-30,60.0,1,
2026-03-30T18:30:00+00:00,2026-03-30,60.0,1,
2026-03-30T19:30:00+00:00,2026-03-30,30.0,0,not_full_60_minute_bar|missing_prior_market_controls
2026-03-31T13:30:00+00:00,2026-03-31,60.0,1,
2026-03-31T14:30:00+00:00,2026-03-31,60.0,1,
2026-03-31T15:30:00+00:00,2026-03-31,60.0,1,
2026-03-31T16:30:00+00:00,2026-03-31,60.0,1,
2026-03-31T17:30:00+00:00,2026-03-31,60.0,1,
2026-03-31T18:30:00+00:00,2026-03-31,60.0,1,
2026-03-31T19:30:00+00:00,2026-03-31,30.0,0,not_full_60_minute_bar|missing_prior_market_controls
2026-04-01T13:30:00+00:00,2026-04-01,60.0,1,
2026-04-01T14:30:00+00:00,2026-04-01,60.0,1,
2026-04-01T15:30:00+00:00,2026-04-01,60.0,1,
2026-04-01T16:30:00+00:00,2026-04-01,60.0,1,
2026-04-01T17:30:00+00:00,2026-04-01,60.0,1,
2026-04-01T18:30:00+00:00,2026-04-01,60.0,1,
2026-04-01T19:30:00+00:00,2026-04-01,30.0,0,not_full_60_minute_bar|missing_prior_market_controls
2026-04-02T13:30:00+00:00,2026-04-02,60.0,1,
2026-04-02T14:30:00+00:00,2026-04-02,60.0,1,
2026-04-02T15:30:00+00:00,2026-04-02,60.0,1,
2026-04-02T16:30:00+00:00,2026-04-02,60.0,1,
2026-04-02T17:30:00+00:00,2026-04-02,60.0,1,
2026-04-02T18:30:00+00:00,2026-04-02,60.0,1,
2026-04-02T19:30:00+00:00,2026-04-02,30.0,0,not_full_60_minute_bar|missing_prior_market_controls
2026-04-06T13:30:00+00:00,2026-04-06,60.0,1,
2026-04-06T14:30:00+00:00,2026-04-06,60.0,1,
2026-04-06T15:30:00+00:00,2026-04-06,60.0,1,
2026-04-06T16:30:00+00:00,2026-04-06,60.0,1,
2026-04-06T17:30:00+00:00,2026-04-06,60.0,1,
2026-04-06T18:30:00+00:00,2026-04-06,60.0,1,
2026-04-06T19:30:00+00:00,2026-04-06,30.0,0,not_full_60_minute_bar|missing_prior_market_controls
2026-04-07T13:30:00+00:00,2026-04-07,60.0,1,
2026-04-07T14:30:00+00:00,2026-04-07,60.0,1,
2026-04-07T15:30:00+00:00,2026-04-07,60.0,1,
2026-04-07T16:30:00+00:00,2026-04-07,60.0,1,
2026-04-07T17:30:00+00:00,2026-04-07,60.0,1,
2026-04-07T18:30:00+00:00,2026-04-07,60.0,1,
2026-04-07T19:30:00+00:00,2026-04-07,30.0,0,not_full_60_minute_bar|missing_prior_market_controls
2026-04-08T13:30:00+00:00,2026-04-08,60.0,1,
2026-04-08T14:30:00+00:00,2026-04-08,60.0,1,
2026-04-08T15:30:00+00:00,2026-04-08,60.0,1,
2026-04-08T16:30:00+00:00,2026-04-08,60.0,1,
2026-04-08T17:30:00+00:00,2026-04-08,60.0,1,
2026-04-08T18:30:00+00:00,2026-04-08,60.0,1,
2026-04-08T19:30:00+00:00,2026-04-08,30.0,0,not_full_60_minute_bar|missing_prior_market_controls
2026-04-09T13:30:00+00:00,2026-04-09,60.0,1,
2026-04-09T14:30:00+00:00,2026-04-09,60.0,1,
2026-04-09T15:30:00+00:00,2026-04-09,60.0,1,
2026-04-09T16:30:00+00:00,2026-04-09,60.0,1,
2026-04-09T17:30:00+00:00,2026-04-09,60.0,1,
2026-04-09T18:30:00+00:00,2026-04-09,60.0,1,
2026-04-09T19:30:00+00:00,2026-04-09,30.0,0,not_full_60_minute_bar|missing_prior_market_controls
2026-04-10T13:30:00+00:00,2026-04-10,60.0,1,
2026-04-10T14:30:00+00:00,2026-04-10,60.0,1,
2026-04-10T15:30:00+00:00,2026-04-10,60.0,1,
2026-04-10T16:30:00+00:00,2026-04-10,60.0,1,
2026-04-10T17:30:00+00:00,2026-04-10,60.0,1,
2026-04-10T18:30:00+00:00,2026-04-10,60.0,1,
2026-04-10T19:30:00+00:00,2026-04-10,30.0,0,not_full_60_minute_bar|missing_prior_market_controls
2026-04-13T13:30:00+00:00,2026-04-13,60.0,1,
2026-04-13T14:30:00+00:00,2026-04-13,60.0,1,
2026-04-13T15:30:00+00:00,2026-04-13,60.0,1,
2026-04-13T16:30:00+00:00,2026-04-13,60.0,1,
2026-04-13T17:30:00+00:00,2026-04-13,60.0,1,
2026-04-13T18:30:00+00:00,2026-04-13,60.0,1,
2026-04-13T19:30:00+00:00,2026-04-13,30.0,0,not_full_60_minute_bar|missing_prior_market_controls
2026-04-14T13:30:00+00:00,2026-04-14,60.0,1,
2026-04-14T14:30:00+00:00,2026-04-14,60.0,1,
2026-04-14T15:30:00+00:00,2026-04-14,60.0,1,
2026-04-14T16:30:00+00:00,2026-04-14,60.0,1,
2026-04-14T17:30:00+00:00,2026-04-14,60.0,1,
2026-04-14T18:30:00+00:00,2026-04-14,60.0,1,
2026-04-14T19:30:00+00:00,2026-04-14,30.0,0,not_full_60_minute_bar|missing_prior_market_controls
2026-04-15T13:30:00+00:00,2026-04-15,60.0,1,
2026-04-15T14:30:00+00:00,2026-04-15,60.0,1,
2026-04-15T15:30:00+00:00,2026-04-15,60.0,1,
2026-04-15T16:30:00+00:00,2026-04-15,60.0,1,
2026-04-15T17:30:00+00:00,2026-04-15,60.0,1,
2026-04-15T18:30:00+00:00,2026-04-15,60.0,1,
2026-04-15T19:30:00+00:00,2026-04-15,30.0,0,not_full_60_minute_bar|missing_prior_market_controls
2026-04-16T13:30:00+00:00,2026-04-16,60.0,1,
2026-04-16T14:30:00+00:00,2026-04-16,60.0,1,
2026-04-16T15:30:00+00:00,2026-04-16,60.0,1,
2026-04-16T16:30:00+00:00,2026-04-16,60.0,1,
2026-04-16T17:30:00+00:00,2026-04-16,60.0,1,
2026-04-16T18:30:00+00:00,2026-04-16,60.0,1,
2026-04-16T19:30:00+00:00,2026-04-16,30.0,0,not_full_60_minute_bar|missing_prior_market_controls
2026-04-17T13:30:00+00:00,2026-04-17,60.0,1,
2026-04-17T14:30:00+00:00,2026-04-17,60.0,1,
2026-04-17T15:30:00+00:00,2026-04-17,60.0,1,
2026-04-17T16:30:00+00:00,2026-04-17,60.0,1,
2026-04-17T17:30:00+00:00,2026-04-17,60.0,1,
2026-04-17T18:30:00+00:00,2026-04-17,60.0,1,
2026-04-17T19:30:00+00:00,2026-04-17,30.0,0,not_full_60_minute_bar|missing_prior_market_controls
2026-04-20T13:30:00+00:00,2026-04-20,60.0,1,
2026-04-20T14:30:00+00:00,2026-04-20,60.0,1,
2026-04-20T15:30:00+00:00,2026-04-20,60.0,1,
2026-04-20T16:30:00+00:00,2026-04-20,60.0,1,
2026-04-20T17:30:00+00:00,2026-04-20,60.0,1,
2026-04-20T18:30:00+00:00,2026-04-20,60.0,1,
2026-04-20T19:30:00+00:00,2026-04-20,30.0,0,not_full_60_minute_bar|missing_prior_market_controls
2026-04-21T13:30:00+00:00,2026-04-21,60.0,1,
2026-04-21T14:30:00+00:00,2026-04-21,60.0,1,
2026-04-21T15:30:00+00:00,2026-04-21,60.0,1,
2026-04-21T16:30:00+00:00,2026-04-21,60.0,1,
2026-04-21T17:30:00+00:00,2026-04-21,60.0,1,
2026-04-21T18:30:00+00:00,2026-04-21,60.0,1,
2026-04-21T19:30:00+00:00,2026-04-21,30.0,0,not_full_60_minute_bar|missing_prior_market_controls
2026-04-22T13:30:00+00:00,2026-04-22,60.0,1,
2026-04-22T14:30:00+00:00,2026-04-22,60.0,1,
2026-04-22T15:30:00+00:00,2026-04-22,60.0,1,
2026-04-22T16:30:00+00:00,2026-04-22,60.0,1,
2026-04-22T17:30:00+00:00,2026-04-22,60.0,1,
2026-04-22T18:30:00+00:00,2026-04-22,60.0,1,
2026-04-22T19:30:00+00:00,2026-04-22,30.0,0,not_full_60_minute_bar|missing_prior_market_controls
2026-04-23T13:30:00+00:00,2026-04-23,60.0,1,
2026-04-23T14:30:00+00:00,2026-04-23,60.0,1,
2026-04-23T15:30:00+00:00,2026-04-23,60.0,1,
2026-04-23T16:30:00+00:00,2026-04-23,60.0,1,
2026-04-23T17:30:00+00:00,2026-04-23,60.0,1,
2026-04-23T18:30:00+00:00,2026-04-23,60.0,1,
2026-04-23T19:30:00+00:00,2026-04-23,30.0,0,not_full_60_minute_bar|missing_prior_market_controls
2026-04-24T13:30:00+00:00,2026-04-24,60.0,1,
2026-04-24T14:30:00+00:00,2026-04-24,60.0,1,
2026-04-24T15:30:00+00:00,2026-04-24,60.0,1,
2026-04-24T16:30:00+00:00,2026-04-24,60.0,1,
2026-04-24T17:30:00+00:00,2026-04-24,60.0,1,
2026-04-24T18:30:00+00:00,2026-04-24,60.0,1,
2026-04-24T19:30:00+00:00,2026-04-24,30.0,0,not_full_60_minute_bar|missing_prior_market_controls
2026-04-27T13:30:00+00:00,2026-04-27,60.0,1,
2026-04-27T14:30:00+00:00,2026-04-27,60.0,1,
2026-04-27T15:30:00+00:00,2026-04-27,60.0,1,
2026-04-27T16:30:00+00:00,2026-04-27,60.0,1,
2026-04-27T17:30:00+00:00,2026-04-27,60.0,1,
2026-04-27T18:30:00+00:00,2026-04-27,60.0,1,
2026-04-27T19:30:00+00:00,2026-04-27,30.0,0,not_full_60_minute_bar|missing_prior_market_controls
2026-04-28T13:30:00+00:00,2026-04-28,60.0,1,
2026-04-28T14:30:00+00:00,2026-04-28,60.0,1,
2026-04-28T15:30:00+00:00,2026-04-28,60.0,1,
2026-04-28T16:30:00+00:00,2026-04-28,60.0,1,
2026-04-28T17:30:00+00:00,2026-04-28,60.0,1,
2026-04-28T18:30:00+00:00,2026-04-28,60.0,1,
2026-04-28T19:30:00+00:00,2026-04-28,30.0,0,not_full_60_minute_bar|missing_prior_market_controls
2026-04-29T13:30:00+00:00,2026-04-29,60.0,1,
2026-04-29T14:30:00+00:00,2026-04-29,60.0,1,
2026-04-29T15:30:00+00:00,2026-04-29,60.0,1,
2026-04-29T16:30:00+00:00,2026-04-29,60.0,1,
2026-04-29T17:30:00+00:00,2026-04-29,60.0,1,
2026-04-29T18:30:00+00:00,2026-04-29,60.0,1,
2026-04-29T19:30:00+00:00,2026-04-29,30.0,0,not_full_60_minute_bar|missing_prior_market_controls
2026-04-30T13:30:00+00:00,2026-04-30,60.0,1,
2026-04-30T14:30:00+00:00,2026-04-30,60.0,1,
2026-04-30T15:30:00+00:00,2026-04-30,60.0,1,
2026-04-30T16:30:00+00:00,2026-04-30,60.0,1,
2026-04-30T17:30:00+00:00,2026-04-30,60.0,1,
2026-04-30T18:30:00+00:00,2026-04-30,60.0,1,
2026-04-30T19:30:00+00:00,2026-04-30,30.0,0,not_full_60_minute_bar|missing_prior_market_controls
2026-05-01T13:30:00+00:00,2026-05-01,60.0,1,
2026-05-01T14:30:00+00:00,2026-05-01,60.0,1,
2026-05-01T15:30:00+00:00,2026-05-01,60.0,1,
2026-05-01T16:30:00+00:00,2026-05-01,60.0,1,
2026-05-01T17:30:00+00:00,2026-05-01,60.0,1,
2026-05-01T18:30:00+00:00,2026-05-01,60.0,1,
2026-05-01T19:30:00+00:00,2026-05-01,30.0,0,not_full_60_minute_bar|missing_prior_market_controls
2026-05-04T13:30:00+00:00,2026-05-04,60.0,0,incomplete_or_uncertain_news_coverage
2026-05-04T14:30:00+00:00,2026-05-04,60.0,0,incomplete_or_uncertain_news_coverage
2026-05-04T15:30:00+00:00,2026-05-04,60.0,0,incomplete_or_uncertain_news_coverage
2026-05-04T16:30:00+00:00,2026-05-04,60.0,0,incomplete_or_uncertain_news_coverage
2026-05-04T17:30:00+00:00,2026-05-04,60.0,0,incomplete_or_uncertain_news_coverage
2026-05-04T18:30:00+00:00,2026-05-04,60.0,0,incomplete_or_uncertain_news_coverage
2026-05-04T19:30:00+00:00,2026-05-04,30.0,0,not_full_60_minute_bar|missing_prior_market_controls|incomplete_or_uncertain_news_coverage
2026-05-05T13:30:00+00:00,2026-05-05,60.0,0,incomplete_or_uncertain_news_coverage
2026-05-05T14:30:00+00:00,2026-05-05,60.0,0,incomplete_or_uncertain_news_coverage
2026-05-05T15:30:00+00:00,2026-05-05,60.0,0,incomplete_or_uncertain_news_coverage
2026-05-05T16:30:00+00:00,2026-05-05,60.0,0,incomplete_or_uncertain_news_coverage
2026-05-05T17:30:00+00:00,2026-05-05,60.0,0,incomplete_or_uncertain_news_coverage
2026-05-05T18:30:00+00:00,2026-05-05,60.0,0,incomplete_or_uncertain_news_coverage
2026-05-05T19:30:00+00:00,2026-05-05,30.0,0,not_full_60_minute_bar|missing_prior_market_controls|incomplete_or_uncertain_news_coverage
2026-05-06T13:30:00+00:00,2026-05-06,60.0,0,incomplete_or_uncertain_news_coverage
2026-05-06T14:30:00+00:00,2026-05-06,60.0,0,incomplete_or_uncertain_news_coverage
2026-05-06T15:30:00+00:00,2026-05-06,60.0,0,incomplete_or_uncertain_news_coverage
2026-05-06T16:30:00+00:00,2026-05-06,60.0,0,incomplete_or_uncertain_news_coverage
2026-05-06T17:30:00+00:00,2026-05-06,60.0,0,incomplete_or_uncertain_news_coverage
2026-05-06T18:30:00+00:00,2026-05-06,60.0,0,incomplete_or_uncertain_news_coverage
2026-05-06T19:30:00+00:00,2026-05-06,30.0,0,not_full_60_minute_bar|missing_prior_market_controls|incomplete_or_uncertain_news_coverage
2026-05-07T13:30:00+00:00,2026-05-07,60.0,0,incomplete_or_uncertain_news_coverage
2026-05-07T14:30:00+00:00,2026-05-07,60.0,0,incomplete_or_uncertain_news_coverage
2026-05-07T15:30:00+00:00,2026-05-07,60.0,0,incomplete_or_uncertain_news_coverage
2026-05-07T16:30:00+00:00,2026-05-07,60.0,0,incomplete_or_uncertain_news_coverage
2026-05-07T17:30:00+00:00,2026-05-07,60.0,0,incomplete_or_uncertain_news_coverage
2026-05-07T18:30:00+00:00,2026-05-07,60.0,0,incomplete_or_uncertain_news_coverage
2026-05-07T19:30:00+00:00,2026-05-07,30.0,0,not_full_60_minute_bar|missing_prior_market_controls|incomplete_or_uncertain_news_coverage
2026-05-08T13:30:00+00:00,2026-05-08,60.0,0,incomplete_or_uncertain_news_coverage
2026-05-08T14:30:00+00:00,2026-05-08,60.0,0,incomplete_or_uncertain_news_coverage
2026-05-08T15:30:00+00:00,2026-05-08,60.0,0,incomplete_or_uncertain_news_coverage
2026-05-08T16:30:00+00:00,2026-05-08,60.0,0,incomplete_or_uncertain_news_coverage
2026-05-08T17:30:00+00:00,2026-05-08,60.0,0,incomplete_or_uncertain_news_coverage
2026-05-08T18:30:00+00:00,2026-05-08,60.0,0,incomplete_or_uncertain_news_coverage
2026-05-08T19:30:00+00:00,2026-05-08,30.0,0,not_full_60_minute_bar|missing_prior_market_controls|incomplete_or_uncertain_news_coverage
2026-05-11T13:30:00+00:00,2026-05-11,60.0,0,incomplete_or_uncertain_news_coverage
2026-05-11T14:30:00+00:00,2026-05-11,60.0,0,incomplete_or_uncertain_news_coverage
2026-05-11T15:30:00+00:00,2026-05-11,60.0,0,incomplete_or_uncertain_news_coverage
2026-05-11T16:30:00+00:00,2026-05-11,60.0,0,incomplete_or_uncertain_news_coverage
2026-05-11T17:30:00+00:00,2026-05-11,60.0,0,incomplete_or_uncertain_news_coverage
2026-05-11T18:30:00+00:00,2026-05-11,60.0,0,incomplete_or_uncertain_news_coverage
2026-05-11T19:30:00+00:00,2026-05-11,30.0,0,not_full_60_minute_bar|missing_prior_market_controls|incomplete_or_uncertain_news_coverage
2026-05-12T13:30:00+00:00,2026-05-12,60.0,0,incomplete_or_uncertain_news_coverage
2026-05-12T14:30:00+00:00,2026-05-12,60.0,0,incomplete_or_uncertain_news_coverage
2026-05-12T15:30:00+00:00,2026-05-12,60.0,0,incomplete_or_uncertain_news_coverage
2026-05-12T16:30:00+00:00,2026-05-12,60.0,0,incomplete_or_uncertain_news_coverage
2026-05-12T17:30:00+00:00,2026-05-12,60.0,0,incomplete_or_uncertain_news_coverage
2026-05-12T18:30:00+00:00,2026-05-12,60.0,0,incomplete_or_uncertain_news_coverage
2026-05-12T19:30:00+00:00,2026-05-12,30.0,0,not_full_60_minute_bar|missing_prior_market_controls|incomplete_or_uncertain_news_coverage
2026-05-13T13:30:00+00:00,2026-05-13,60.0,0,incomplete_or_uncertain_news_coverage
2026-05-13T14:30:00+00:00,2026-05-13,60.0,0,incomplete_or_uncertain_news_coverage
2026-05-13T15:30:00+00:00,2026-05-13,60.0,0,incomplete_or_uncertain_news_coverage
2026-05-13T16:30:00+00:00,2026-05-13,60.0,0,incomplete_or_uncertain_news_coverage
2026-05-13T17:30:00+00:00,2026-05-13,60.0,0,incomplete_or_uncertain_news_coverage
2026-05-13T18:30:00+00:00,2026-05-13,60.0,0,incomplete_or_uncertain_news_coverage
2026-05-13T19:30:00+00:00,2026-05-13,30.0,0,not_full_60_minute_bar|missing_prior_market_controls|incomplete_or_uncertain_news_coverage
2026-05-14T13:30:00+00:00,2026-05-14,60.0,0,incomplete_or_uncertain_news_coverage
2026-05-14T14:30:00+00:00,2026-05-14,60.0,0,incomplete_or_uncertain_news_coverage
2026-05-14T15:30:00+00:00,2026-05-14,60.0,0,incomplete_or_uncertain_news_coverage
2026-05-14T16:30:00+00:00,2026-05-14,60.0,0,incomplete_or_uncertain_news_coverage
2026-05-14T17:30:00+00:00,2026-05-14,60.0,0,incomplete_or_uncertain_news_coverage
2026-05-14T18:30:00+00:00,2026-05-14,60.0,0,incomplete_or_uncertain_news_coverage
2026-05-14T19:30:00+00:00,2026-05-14,30.0,0,not_full_60_minute_bar|missing_prior_market_controls|incomplete_or_uncertain_news_coverage
2026-05-15T13:30:00+00:00,2026-05-15,60.0,0,incomplete_or_uncertain_news_coverage
2026-05-15T14:30:00+00:00,2026-05-15,60.0,0,incomplete_or_uncertain_news_coverage
2026-05-15T15:30:00+00:00,2026-05-15,60.0,0,incomplete_or_uncertain_news_coverage
2026-05-15T16:30:00+00:00,2026-05-15,60.0,0,incomplete_or_uncertain_news_coverage
2026-05-15T17:30:00+00:00,2026-05-15,60.0,0,incomplete_or_uncertain_news_coverage
2026-05-15T18:30:00+00:00,2026-05-15,60.0,0,incomplete_or_uncertain_news_coverage
2026-05-15T19:30:00+00:00,2026-05-15,30.0,0,not_full_60_minute_bar|missing_prior_market_controls|incomplete_or_uncertain_news_coverage
2026-05-18T13:30:00+00:00,2026-05-18,60.0,0,incomplete_or_uncertain_news_coverage
2026-05-18T14:30:00+00:00,2026-05-18,60.0,0,incomplete_or_uncertain_news_coverage
2026-05-18T15:30:00+00:00,2026-05-18,60.0,0,incomplete_or_uncertain_news_coverage
2026-05-18T16:30:00+00:00,2026-05-18,60.0,0,incomplete_or_uncertain_news_coverage
2026-05-18T17:30:00+00:00,2026-05-18,60.0,0,incomplete_or_uncertain_news_coverage
2026-05-18T18:30:00+00:00,2026-05-18,60.0,0,incomplete_or_uncertain_news_coverage
2026-05-18T19:30:00+00:00,2026-05-18,30.0,0,not_full_60_minute_bar|missing_prior_market_controls|incomplete_or_uncertain_news_coverage
2026-05-19T13:30:00+00:00,2026-05-19,60.0,0,incomplete_or_uncertain_news_coverage
2026-05-19T14:30:00+00:00,2026-05-19,60.0,0,incomplete_or_uncertain_news_coverage
2026-05-19T15:30:00+00:00,2026-05-19,60.0,0,incomplete_or_uncertain_news_coverage
2026-05-19T16:30:00+00:00,2026-05-19,60.0,0,incomplete_or_uncertain_news_coverage
2026-05-19T17:30:00+00:00,2026-05-19,60.0,0,incomplete_or_uncertain_news_coverage
2026-05-19T18:30:00+00:00,2026-05-19,60.0,0,incomplete_or_uncertain_news_coverage
2026-05-19T19:30:00+00:00,2026-05-19,30.0,0,not_full_60_minute_bar|missing_prior_market_controls|incomplete_or_uncertain_news_coverage
2026-05-20T13:30:00+00:00,2026-05-20,60.0,0,incomplete_or_uncertain_news_coverage
2026-05-20T14:30:00+00:00,2026-05-20,60.0,0,incomplete_or_uncertain_news_coverage
2026-05-20T15:30:00+00:00,2026-05-20,60.0,0,incomplete_or_uncertain_news_coverage
2026-05-20T16:30:00+00:00,2026-05-20,60.0,0,incomplete_or_uncertain_news_coverage
2026-05-20T17:30:00+00:00,2026-05-20,60.0,0,incomplete_or_uncertain_news_coverage
2026-05-20T18:30:00+00:00,2026-05-20,60.0,0,incomplete_or_uncertain_news_coverage
2026-05-20T19:30:00+00:00,2026-05-20,30.0,0,not_full_60_minute_bar|missing_prior_market_controls|incomplete_or_uncertain_news_coverage
2026-05-21T13:30:00+00:00,2026-05-21,60.0,0,incomplete_or_uncertain_news_coverage
2026-05-21T14:30:00+00:00,2026-05-21,60.0,0,incomplete_or_uncertain_news_coverage
2026-05-21T15:30:00+00:00,2026-05-21,60.0,0,incomplete_or_uncertain_news_coverage
2026-05-21T16:30:00+00:00,2026-05-21,60.0,0,incomplete_or_uncertain_news_coverage
2026-05-21T17:30:00+00:00,2026-05-21,60.0,0,incomplete_or_uncertain_news_coverage
2026-05-21T18:30:00+00:00,2026-05-21,60.0,0,incomplete_or_uncertain_news_coverage
2026-05-21T19:30:00+00:00,2026-05-21,30.0,0,not_full_60_minute_bar|missing_prior_market_controls|incomplete_or_uncertain_news_coverage
2026-05-22T13:30:00+00:00,2026-05-22,60.0,0,incomplete_or_uncertain_news_coverage
2026-05-22T14:30:00+00:00,2026-05-22,60.0,0,incomplete_or_uncertain_news_coverage
2026-05-22T15:30:00+00:00,2026-05-22,60.0,0,incomplete_or_uncertain_news_coverage
2026-05-22T16:30:00+00:00,2026-05-22,60.0,0,incomplete_or_uncertain_news_coverage
2026-05-22T17:30:00+00:00,2026-05-22,60.0,0,incomplete_or_uncertain_news_coverage
2026-05-22T18:30:00+00:00,2026-05-22,60.0,0,incomplete_or_uncertain_news_coverage
2026-05-22T19:30:00+00:00,2026-05-22,30.0,0,not_full_60_minute_bar|missing_prior_market_controls|incomplete_or_uncertain_news_coverage
2026-05-26T13:30:00+00:00,2026-05-26,60.0,0,incomplete_or_uncertain_news_coverage
2026-05-26T14:30:00+00:00,2026-05-26,60.0,0,incomplete_or_uncertain_news_coverage
2026-05-26T15:30:00+00:00,2026-05-26,60.0,0,incomplete_or_uncertain_news_coverage
2026-05-26T16:30:00+00:00,2026-05-26,60.0,0,incomplete_or_uncertain_news_coverage
2026-05-26T17:30:00+00:00,2026-05-26,60.0,0,incomplete_or_uncertain_news_coverage
2026-05-26T18:30:00+00:00,2026-05-26,60.0,0,incomplete_or_uncertain_news_coverage
2026-05-26T19:30:00+00:00,2026-05-26,30.0,0,not_full_60_minute_bar|missing_prior_market_controls|incomplete_or_uncertain_news_coverage
2026-05-27T13:30:00+00:00,2026-05-27,60.0,0,incomplete_or_uncertain_news_coverage
2026-05-27T14:30:00+00:00,2026-05-27,60.0,0,incomplete_or_uncertain_news_coverage
2026-05-27T15:30:00+00:00,2026-05-27,60.0,0,incomplete_or_uncertain_news_coverage
2026-05-27T16:30:00+00:00,2026-05-27,60.0,0,incomplete_or_uncertain_news_coverage
2026-05-27T17:30:00+00:00,2026-05-27,60.0,0,incomplete_or_uncertain_news_coverage
2026-05-27T18:30:00+00:00,2026-05-27,60.0,0,incomplete_or_uncertain_news_coverage
2026-05-27T19:30:00+00:00,2026-05-27,30.0,0,not_full_60_minute_bar|missing_prior_market_controls|incomplete_or_uncertain_news_coverage
2026-05-28T13:30:00+00:00,2026-05-28,60.0,0,incomplete_or_uncertain_news_coverage
2026-05-28T14:30:00+00:00,2026-05-28,60.0,0,incomplete_or_uncertain_news_coverage
2026-05-28T15:30:00+00:00,2026-05-28,60.0,0,incomplete_or_uncertain_news_coverage
2026-05-28T16:30:00+00:00,2026-05-28,60.0,0,incomplete_or_uncertain_news_coverage
2026-05-28T17:30:00+00:00,2026-05-28,60.0,0,incomplete_or_uncertain_news_coverage
2026-05-28T18:30:00+00:00,2026-05-28,60.0,0,incomplete_or_uncertain_news_coverage
2026-05-28T19:30:00+00:00,2026-05-28,30.0,0,not_full_60_minute_bar|missing_prior_market_controls|incomplete_or_uncertain_news_coverage
2026-05-29T13:30:00+00:00,2026-05-29,60.0,0,incomplete_or_uncertain_news_coverage
2026-05-29T14:30:00+00:00,2026-05-29,60.0,0,incomplete_or_uncertain_news_coverage
2026-05-29T15:30:00+00:00,2026-05-29,60.0,0,incomplete_or_uncertain_news_coverage
2026-05-29T16:30:00+00:00,2026-05-29,60.0,0,incomplete_or_uncertain_news_coverage
2026-05-29T17:30:00+00:00,2026-05-29,60.0,0,incomplete_or_uncertain_news_coverage
2026-05-29T18:30:00+00:00,2026-05-29,60.0,0,incomplete_or_uncertain_news_coverage
2026-05-29T19:30:00+00:00,2026-05-29,30.0,0,not_full_60_minute_bar|missing_prior_market_controls|incomplete_or_uncertain_news_coverage
