model,kind,feature,coefficient_per_training_sd,odds_ratio_per_training_sd
market_only,logistic,prior_return,-0.06320476054179794,0.9387512347968845
market_only,logistic,prior_abs_return,0.2940107483510953,1.3417983257089685
market_only,logistic,prior_volatility_20bars,0.15960846546012622,1.1730514908903564
market_only,logistic,log_prior_volume,0.16782714934060416,1.1827321569451246
market_only,logistic,log_average_volume_20bars,0.21819538373889175,1.243830068048364
market_only,logistic,minutes_since_open,-0.7358703835795632,0.4790882868733013
market_only,logistic,hours_since_prior_bar,0.04196429244553579,1.0428572402042156
market_only,ridge,prior_return,-0.00019491917308365808,
market_only,ridge,prior_abs_return,0.0009325248458280868,
market_only,ridge,prior_volatility_20bars,0.0006414739160876112,
market_only,ridge,log_prior_volume,5.967852338049743e-05,
market_only,ridge,log_average_volume_20bars,0.00029872710788332113,
market_only,ridge,minutes_since_open,-0.0013467979130396264,
market_only,ridge,hours_since_prior_bar,0.000439738790334618,
market_plus_news_count,logistic,prior_return,-0.06578187461345625,0.9363350804698047
market_plus_news_count,logistic,prior_abs_return,0.29821915945727406,1.3474570634808845
market_plus_news_count,logistic,prior_volatility_20bars,0.1479327874224584,1.1594349651315254
market_plus_news_count,logistic,log_prior_volume,0.1721097190786536,1.1878081512805618
market_plus_news_count,logistic,log_average_volume_20bars,0.21657711461234694,1.241818844040348
market_plus_news_count,logistic,minutes_since_open,-0.7410118782710935,0.4766313784926217
market_plus_news_count,logistic,hours_since_prior_bar,0.059190524448330284,1.0609773636117663
market_plus_news_count,logistic,log_article_count_1h,-0.05204834859830708,0.9492829692323967
market_plus_news_count,logistic,log_article_count_24h,0.12550660434256375,1.133722656428597
market_plus_news_count,ridge,prior_return,-0.00020428757306851088,
market_plus_news_count,ridge,prior_abs_return,0.0009321916306842786,
market_plus_news_count,ridge,prior_volatility_20bars,0.0006057838241654117,
market_plus_news_count,ridge,log_prior_volume,9.60375817435769e-05,
market_plus_news_count,ridge,log_average_volume_20bars,0.00030374933925822435,
market_plus_news_count,ridge,minutes_since_open,-0.0014067513789663491,
market_plus_news_count,ridge,hours_since_prior_bar,0.00048130839733424993,
market_plus_news_count,ridge,log_article_count_1h,-0.0002597786394996254,
market_plus_news_count,ridge,log_article_count_24h,0.0003659022339734407,
market_plus_news_words,logistic,prior_return,-0.05304010163200359,0.9483419816585922
market_plus_news_words,logistic,prior_abs_return,0.28402132660149054,1.3284612620146194
market_plus_news_words,logistic,prior_volatility_20bars,0.12748059827089983,1.1359628283842926
market_plus_news_words,logistic,log_prior_volume,0.17553198384208815,1.1918801089468347
market_plus_news_words,logistic,log_average_volume_20bars,0.23064360457977678,1.25941031138887
market_plus_news_words,logistic,minutes_since_open,-0.7556568253872976,0.46970200119018285
market_plus_news_words,logistic,hours_since_prior_bar,0.06458363509817028,1.0667147893101323
market_plus_news_words,logistic,log_article_count_1h,-0.2530043168881563,0.77646452990597
market_plus_news_words,logistic,log_article_count_24h,0.028105230095878713,1.0285039082920022
market_plus_news_words,logistic,log_ai_articles_1h,0.16911284708646532,1.1842537709715237
market_plus_news_words,logistic,log_chip_articles_1h,0.030439917344640702,1.0309079485010162
market_plus_news_words,logistic,log_earnings_articles_1h,0.06214859474195901,1.06412045568504
market_plus_news_words,logistic,log_infrastructure_articles_1h,-0.06722468192294755,0.9349851034840875
market_plus_news_words,logistic,log_demand_articles_1h,-0.08535868590854394,0.91818288606702
market_plus_news_words,logistic,log_china_articles_1h,0.19163288030678952,1.2112257704990284
market_plus_news_words,logistic,log_hit_articles_1h,0.0704499117873046,1.072990823892108
market_plus_news_words,logistic,log_ai_articles_24h,0.2866330849245405,1.3319354166237949
market_plus_news_words,logistic,log_chip_articles_24h,-0.1334261757056898,0.875092069647536
market_plus_news_words,logistic,log_earnings_articles_24h,0.16696386961046752,1.181711568837749
market_plus_news_words,logistic,log_infrastructure_articles_24h,-0.1694073815098131,0.844164936141627
market_plus_news_words,logistic,log_demand_articles_24h,-0.091523713930287,0.912539675993165
market_plus_news_words,logistic,log_china_articles_24h,-0.0026276220035809745,0.99737582717341
market_plus_news_words,logistic,log_hit_articles_24h,-0.01673465056710404,0.9834045958688759
market_plus_news_words,ridge,prior_return,-0.0001677766285402811,
market_plus_news_words,ridge,prior_abs_return,0.0008005364108393701,
market_plus_news_words,ridge,prior_volatility_20bars,0.0005246105205601756,
market_plus_news_words,ridge,log_prior_volume,8.710211908450675e-05,
market_plus_news_words,ridge,log_average_volume_20bars,0.00031955156766445646,
market_plus_news_words,ridge,minutes_since_open,-0.0014655865675744669,
market_plus_news_words,ridge,hours_since_prior_bar,0.00044410626433581365,
market_plus_news_words,ridge,log_article_count_1h,-0.0008080492012980767,
market_plus_news_words,ridge,log_article_count_24h,-0.00033143253093095604,
market_plus_news_words,ridge,log_ai_articles_1h,0.0001337411037853815,
market_plus_news_words,ridge,log_chip_articles_1h,7.555323002547936e-05,
market_plus_news_words,ridge,log_earnings_articles_1h,0.0005236952780714853,
market_plus_news_words,ridge,log_infrastructure_articles_1h,0.00012012188989038191,
market_plus_news_words,ridge,log_demand_articles_1h,-0.00033537720134148926,
market_plus_news_words,ridge,log_china_articles_1h,0.00041720851498650745,
market_plus_news_words,ridge,log_hit_articles_1h,0.00028725395236646326,
market_plus_news_words,ridge,log_ai_articles_24h,0.00135096062107732,
market_plus_news_words,ridge,log_chip_articles_24h,-0.0004676486767918896,
market_plus_news_words,ridge,log_earnings_articles_24h,0.00025777515187242237,
market_plus_news_words,ridge,log_infrastructure_articles_24h,-0.00019524971767540667,
market_plus_news_words,ridge,log_demand_articles_24h,-0.0002475651935027912,
market_plus_news_words,ridge,log_china_articles_24h,-9.244666984364025e-05,
market_plus_news_words,ridge,log_hit_articles_24h,-0.0003178993375631464,
